"","sim_idx","part_idx","participant_code","block_idx_local","block_idx","certainty_lvl","trust_lvl","certainty","trust","path_idx_sim","path_taken_sim","path_taken","path_length","preds"
"2",0,1,"0c49miaj",0,10,3,1,"immutable","low",4,"D","D",1,2.3428022048717
"3",0,2,"0qmnf636",0,10,3,3,"immutable","high",1,"A","A",4,3.08344130520717
"5",0,4,"135djle5",0,10,3,3,"immutable","high",4,"D","C",2,2.25263244136069
"6",0,5,"18oszevx",0,10,2,3,"certain","high",2,"B","D",1,1.64955089675053
"7",0,6,"2edm2qru",0,10,1,2,"uncertain","medium",1,"A","B",3,3.29530582041453
"8",0,7,"2niw69h1",0,10,1,1,"uncertain","low",1,"A","B",3,3.50414807902827
"9",0,8,"2t1qlwzh",0,10,2,1,"certain","low",3,"C","A",4,3.06908392908282
"11",0,10,"3g345yfz",0,10,1,2,"uncertain","medium",1,"A","B",3,3.42567490309114
"12",0,11,"40uikqmk",0,10,3,2,"immutable","medium",4,"D","B",3,3.08599694585088
"13",0,12,"463bkcqj",0,10,2,1,"certain","low",1,"A","D",1,2.56214206531436
"14",0,13,"4ogdjn19",0,10,3,3,"immutable","high",2,"B","C",2,2.41500805734302
"15",0,14,"5beloz5h",0,10,2,2,"certain","medium",1,"A","A",4,3.72307876113847
"16",0,15,"5cedzvw4",0,10,3,3,"immutable","high",3,"C","C",2,2.45332075250576
"17",0,16,"68l7v6qk",0,10,1,2,"uncertain","medium",1,"A","B",3,2.84300417924761
"18",0,17,"6lcvfmi6",0,10,1,3,"uncertain","high",2,"B","A",4,3.12178307005161
"19",0,18,"6n71fmln",0,10,1,2,"uncertain","medium",1,"A","A",4,3.4587959359383
"20",0,19,"6xxpguro",0,10,2,1,"certain","low",1,"A","A",4,3.64128902317885
"21",0,20,"70hbcyls",0,10,1,3,"uncertain","high",3,"C","C",2,2.29318432894578
"22",0,21,"752958xd",0,10,1,1,"uncertain","low",1,"A","B",3,2.69523126216861
"23",0,22,"7dr3w97z",0,10,3,2,"immutable","medium",2,"B","B",3,3.1295013033292
"24",0,23,"81qc8udv",0,10,1,1,"uncertain","low",1,"A","A",4,3.91662626141913
"25",0,24,"8e3c4zqd",0,10,1,2,"uncertain","medium",1,"A","B",3,3.46398759825388
"26",0,25,"96sj342h",0,10,1,1,"uncertain","low",1,"A","B",3,3.03175318228384
"27",0,26,"a4z4yzbe",0,10,1,2,"uncertain","medium",2,"B","A",4,3.20829710545789
"28",0,27,"adiodid2",0,10,3,2,"immutable","medium",1,"A","A",4,3.60987630478606
"29",0,28,"ao87l2vz",0,10,2,1,"certain","low",1,"A","A",4,3.72845259179394
"30",0,29,"b1x5rk7a",0,10,3,1,"immutable","low",1,"A","A",4,3.4711728451417
"31",0,30,"bp9jw69j",0,10,1,3,"uncertain","high",2,"B","B",3,2.99615195261534
"32",0,31,"bvmm52pt",0,10,1,3,"uncertain","high",4,"D","B",3,2.67763431996928
"33",0,32,"c448dmwi",0,10,2,1,"certain","low",1,"A","A",4,2.83823299668463
"34",0,33,"c5v2u12s",0,10,1,2,"uncertain","medium",1,"A","C",2,2.88117288465199
"35",0,34,"cph9cpzu",0,10,3,1,"immutable","low",3,"C","A",4,2.65351659312247
"36",0,35,"cppwbnz4",0,10,3,2,"immutable","medium",4,"D","A",4,2.87900247284879
"37",0,36,"cxqzt2x6",0,10,1,1,"uncertain","low",1,"A","C",2,2.53211143127789
"38",0,37,"cykm6g2s",0,10,3,3,"immutable","high",4,"D","A",4,3.39440229913855
"39",0,38,"dvhlxebr",0,10,2,2,"certain","medium",2,"B","C",2,2.29978778218503
"40",0,39,"e1teypau",0,10,3,1,"immutable","low",3,"C","C",2,2.58095325003239
"42",0,41,"e78skor1",0,10,3,2,"immutable","medium",4,"D","B",3,2.51356555688015
"43",0,42,"fc2ylfo4",0,10,1,1,"uncertain","low",1,"A","B",3,2.50342525461929
"44",0,43,"g3l64f2k",0,10,3,1,"immutable","low",4,"D","D",1,2.73194072657799
"45",0,44,"g8mv6py3",0,10,3,3,"immutable","high",2,"B","A",4,3.39974881511258
"46",0,45,"gan5shdm",0,10,1,3,"uncertain","high",2,"B","B",3,3.02911813180406
"47",0,46,"gqmt5kn4",0,10,2,3,"certain","high",1,"A","C",2,2.54408199623379
"48",0,47,"gtr5ips3",0,10,1,1,"uncertain","low",2,"B","B",3,3.27329714663008
"49",0,48,"h7fs85rd",0,10,3,3,"immutable","high",2,"B","C",2,2.54976401011065
"50",0,49,"hh2ezh9j",0,10,3,1,"immutable","low",1,"A","A",4,3.55833641375679
"51",0,50,"hhvlcx1h",0,10,1,3,"uncertain","high",4,"D","A",4,3.39664149156091
"53",0,52,"hij0kj90",0,10,3,3,"immutable","high",3,"C","D",1,1.66303470656267
"54",0,53,"icw6pisv",0,10,1,1,"uncertain","low",1,"A","A",4,3.18613357801499
"55",0,54,"idmw75ic",0,10,1,2,"uncertain","medium",1,"A","A",4,3.62733372401928
"56",0,55,"ivf2doqd",0,10,3,2,"immutable","medium",1,"A","A",4,3.53844257677616
"57",0,56,"jeqw84cx",0,10,3,3,"immutable","high",2,"B","B",3,2.49541176702584
"58",0,57,"l8xsgk4y",0,10,1,2,"uncertain","medium",2,"B","A",4,2.68470572603943
"59",0,58,"lhfy5twi",0,10,1,1,"uncertain","low",4,"D","A",4,3.50219448223979
"60",0,59,"mnrpap0c",0,10,2,1,"certain","low",1,"A","D",1,1.59205901435246
"61",0,60,"n4clpko5",0,10,1,1,"uncertain","low",1,"A","B",3,3.11161663813643
"62",0,61,"n626q41f",0,10,1,3,"uncertain","high",2,"B","C",2,2.36200792333599
"63",0,62,"ndbdd100",0,10,2,3,"certain","high",1,"A","B",3,3.07398097197297
"64",0,63,"nhr2c03y",0,10,3,3,"immutable","high",3,"C","B",3,2.61324108852683
"65",0,64,"nxf17i6z",0,10,1,2,"uncertain","medium",3,"C","A",4,3.8675932196269
"66",0,65,"o243mdon",0,10,1,2,"uncertain","medium",3,"C","A",4,3.78058450467025
"67",0,66,"ocyioex1",0,10,1,3,"uncertain","high",3,"C","D",1,1.88043356143548
"68",0,67,"oda4jepj",0,10,2,3,"certain","high",4,"D","D",1,1.96517729338382
"69",0,68,"ow99iufl",0,10,2,1,"certain","low",1,"A","A",4,3.08512347700489
"71",0,70,"py0h20qw",0,10,1,1,"uncertain","low",2,"B","A",4,3.752992156137
"72",0,71,"q0ixcbs0",0,10,1,3,"uncertain","high",2,"B","C",2,2.89436217903642
"73",0,72,"q5hucgk2",0,10,1,1,"uncertain","low",1,"A","A",4,3.35511419927114
"74",0,73,"qiuco1z8",0,10,1,1,"uncertain","low",4,"D","A",4,3.92197277739316
"75",0,74,"qnfkuupl",0,10,1,3,"uncertain","high",4,"D","A",4,3.12310610944769
"76",0,75,"qwthoytg",0,10,2,1,"certain","low",1,"A","A",4,3.79957661248696
"78",0,77,"s69k0r8p",0,10,3,3,"immutable","high",2,"B","D",1,1.96173447192932
"79",0,78,"si8w8t7h",0,10,2,2,"certain","medium",3,"C","A",4,3.16117468655727
"80",0,79,"t2rw6z9s",0,10,3,2,"immutable","medium",4,"D","C",2,2.1917769881482
"81",0,80,"t40ex8ua",0,10,2,2,"certain","medium",2,"B","A",4,3.64126170849741
"82",0,81,"tfpx5tvs",0,10,3,1,"immutable","low",3,"C","C",2,2.82249721437863
"84",0,83,"unprtc6z",0,10,2,3,"certain","high",1,"A","D",1,2.60221255867595
"85",0,84,"vbnb3hzv",0,10,3,1,"immutable","low",1,"A","D",1,2.23815976593747
"86",0,85,"vlse4p02",0,10,2,3,"certain","high",2,"B","C",2,2.06696706696274
"87",0,86,"w1bsps02",0,10,3,1,"immutable","low",3,"C","A",4,3.53695034986069
"88",0,87,"weih2owe",0,10,1,1,"uncertain","low",1,"A","B",3,3.50949459500229
"89",0,88,"wemgjdjq",0,10,1,2,"uncertain","medium",1,"A","D",1,2.80483547384324
"90",0,89,"wh0jv34b",0,10,2,1,"certain","low",2,"B","D",1,2.34054484246715
"91",0,90,"wtyosded",0,10,2,2,"certain","medium",2,"B","B",3,3.51622827789475
"92",0,91,"wu1teumt",0,10,2,3,"certain","high",4,"D","B",3,2.60221255867595
"94",0,93,"x0fupy4p",0,10,1,1,"uncertain","low",3,"C","A",4,3.73695260821493
"95",0,94,"x9h3pitq",0,10,2,2,"certain","medium",1,"A","C",2,2.13139398386241
"96",0,95,"xpxnrazz",0,10,1,2,"uncertain","medium",1,"A","A",4,3.44841261130714
"97",0,96,"xw5qhps0",0,10,3,2,"immutable","medium",4,"D","C",2,2.88419413516437
"98",0,97,"xw741rz6",0,10,3,3,"immutable","high",4,"D","D",1,1.84522818982441
"99",0,98,"y0jevsdo",0,10,1,1,"uncertain","low",1,"A","B",3,2.18006423763199
"100",0,0,"z8j7miqw",1,11,3,2,"immutable","medium",4,"D","A",4,3.11940595821476
"101",0,1,"0c49miaj",1,11,2,1,"certain","low",4,"D","A",4,2.60542846749797
"102",0,2,"0qmnf636",1,11,1,1,"uncertain","low",1,"A","D",1,1.90482186441091
"103",0,3,"0we74a7t",1,11,1,2,"uncertain","medium",2,"B","B",3,3.4587959359383
"104",0,4,"135djle5",1,11,3,2,"immutable","medium",3,"C","A",4,3.21146234572863
"105",0,5,"18oszevx",1,11,1,1,"uncertain","low",2,"B","A",4,3.48080841834369
"106",0,6,"2edm2qru",1,11,3,1,"immutable","low",1,"A","A",4,3.1405117153919
"107",0,7,"2niw69h1",1,11,2,2,"certain","medium",3,"C","B",3,3.19429571940443
"108",0,8,"2t1qlwzh",1,11,2,3,"certain","high",3,"C","C",2,2.06696706696274
"109",0,9,"2uly3ka7",1,11,1,3,"uncertain","high",2,"B","C",2,2.4225937657394
"110",0,10,"3g345yfz",1,11,3,1,"immutable","low",1,"A","A",4,3.36796972860454
"111",0,11,"40uikqmk",1,11,2,1,"certain","low",4,"D","A",4,3.07638404184532
"112",0,12,"463bkcqj",1,11,2,3,"certain","high",3,"C","D",1,1.30184540427309
"113",0,13,"4ogdjn19",1,11,1,2,"uncertain","medium",1,"A","B",3,3.25684913549343
"114",0,14,"5beloz5h",1,11,1,3,"uncertain","high",4,"D","B",3,3.12178307005161
"115",0,15,"5cedzvw4",1,11,2,2,"certain","medium",2,"B","A",4,3.31932915000709
"116",0,16,"68l7v6qk",1,11,1,3,"uncertain","high",4,"D","B",3,2.91952656228986
"117",0,17,"6lcvfmi6",1,11,2,1,"certain","low",1,"A","B",3,3.65393565191538
"118",0,18,"6n71fmln",1,11,2,2,"certain","medium",1,"A","B",3,3.3577858349282
"120",0,20,"70hbcyls",1,11,3,1,"immutable","low",2,"B","A",4,3.12447216746983
"121",0,21,"752958xd",1,11,3,2,"immutable","medium",3,"C","D",1,1.9365184646273
"122",0,22,"7dr3w97z",1,11,1,3,"uncertain","high",4,"D","C",2,2.53753185122762
"123",0,23,"81qc8udv",1,11,1,2,"uncertain","medium",1,"A","A",4,3.90590591478964
"124",0,24,"8e3c4zqd",1,11,2,1,"certain","low",1,"A","A",4,3.63594250720483
"127",0,27,"adiodid2",1,11,3,3,"immutable","high",4,"D","A",4,3.03757197132975
"129",0,29,"b1x5rk7a",1,11,3,3,"immutable","high",2,"B","B",3,2.82619062823663
"131",0,31,"bvmm52pt",1,11,1,2,"uncertain","medium",2,"B","B",3,3.25684913549343
"132",0,32,"c448dmwi",1,11,2,2,"certain","medium",2,"B","B",3,3.03051762436394
"133",0,33,"c5v2u12s",1,11,3,3,"immutable","high",2,"B","B",3,2.86293512678269
"135",0,35,"cppwbnz4",1,11,3,3,"immutable","high",2,"B","C",2,2.58273018929937
"136",0,36,"cxqzt2x6",1,11,1,3,"uncertain","high",1,"A","B",3,2.72507185046338
"137",0,37,"cykm6g2s",1,11,2,2,"certain","medium",3,"C","A",4,3.8380168466267
"138",0,38,"dvhlxebr",1,11,1,2,"uncertain","medium",4,"D","A",4,2.40079788319513
"139",0,39,"e1teypau",1,11,1,1,"uncertain","low",1,"A","A",4,2.94458961366876
"140",0,40,"e1zughq1",1,11,3,3,"immutable","high",1,"A","D",1,1.67372773851072
"141",0,41,"e78skor1",1,11,2,3,"certain","high",4,"D","B",3,2.22399616697105
"142",0,42,"fc2ylfo4",1,11,1,2,"uncertain","medium",1,"A","B",3,2.12251367194151
"143",0,43,"g3l64f2k",1,11,2,2,"certain","medium",1,"A","B",3,3.07402198184226
"145",0,45,"gan5shdm",1,11,2,1,"certain","low",3,"C","A",4,3.0052600211523
"146",0,46,"gqmt5kn4",1,11,3,3,"immutable","high",1,"A","C",2,2.67539512754693
"147",0,47,"gtr5ips3",1,11,3,3,"immutable","high",4,"D","C",2,2.95025354905622
"148",0,48,"h7fs85rd",1,11,2,2,"certain","medium",2,"B","B",3,2.94884456148124
"149",0,49,"hh2ezh9j",1,11,2,2,"certain","medium",2,"B","A",4,3.84320850894228
"150",0,50,"hhvlcx1h",1,11,2,2,"certain","medium",4,"D","A",4,3.39090686777536
"151",0,51,"hiec0kvx",1,11,3,2,"immutable","medium",4,"D","D",1,1.21573997780447
"152",0,52,"hij0kj90",1,11,1,3,"uncertain","high",2,"B","D",1,1.92566096918893
"154",0,54,"idmw75ic",1,11,2,3,"certain","high",1,"A","C",2,2.18725166842499
"155",0,55,"ivf2doqd",1,11,2,1,"certain","low",2,"B","A",4,3.79957661248696
"156",0,56,"jeqw84cx",1,11,1,3,"uncertain","high",4,"D","B",3,2.7580380296521
"157",0,57,"l8xsgk4y",1,11,1,1,"uncertain","low",1,"A","A",4,3.0916698966374
"158",0,58,"lhfy5twi",1,11,1,3,"uncertain","high",4,"D","B",3,2.75715094630753
"159",0,59,"mnrpap0c",1,11,1,2,"uncertain","medium",1,"A","D",1,1.46826523032972
"160",0,60,"n4clpko5",1,11,3,1,"immutable","low",2,"B","D",1,2.74798027450007
"161",0,61,"n626q41f",1,11,1,2,"uncertain","medium",1,"A","C",2,2.81002713615882
"162",0,62,"ndbdd100",1,11,3,1,"immutable","low",2,"B","C",2,3.07864140424987
"163",0,63,"nhr2c03y",1,11,1,2,"uncertain","medium",1,"A","A",4,2.59769701108278
"164",0,64,"nxf17i6z",1,11,3,2,"immutable","medium",1,"A","A",4,3.61506796710164
"167",0,67,"oda4jepj",1,11,1,2,"uncertain","medium",1,"A","B",3,3.34371386069171
"168",0,68,"ow99iufl",1,11,1,3,"uncertain","high",4,"D","A",4,2.99615195261534
"169",0,69,"ppxno0of",1,11,3,3,"immutable","high",2,"B","D",1,2.37134884620625
"170",0,70,"py0h20qw",1,11,1,3,"uncertain","high",2,"B","B",3,3.05050419570016
"172",0,72,"q5hucgk2",1,11,3,3,"immutable","high",1,"A","B",3,2.98856624421896
"174",0,74,"qnfkuupl",1,11,2,1,"certain","low",1,"A","D",1,2.60491419310655
"175",0,75,"qwthoytg",1,11,3,1,"immutable","low",1,"A","A",4,3.53695034986069
"176",0,76,"r5ad600b",1,11,2,2,"certain","medium",2,"B","A",4,3.76658311861679
"177",0,77,"s69k0r8p",1,11,1,2,"uncertain","medium",1,"A","A",4,3.5507083336938
"178",0,78,"si8w8t7h",1,11,3,3,"immutable","high",3,"C","C",2,2.03590458229355
"179",0,79,"t2rw6z9s",1,11,3,1,"immutable","low",1,"A","C",2,2.15243551971945
"180",0,80,"t40ex8ua",1,11,1,1,"uncertain","low",2,"B","A",4,3.59326524443183
"181",0,81,"tfpx5tvs",1,11,1,1,"uncertain","low",4,"D","A",4,3.18613357801499
"182",0,82,"u2d1wrgq",1,11,2,1,"certain","low",2,"B","B",3,2.51970422127994
"183",0,83,"unprtc6z",1,11,2,2,"certain","medium",4,"D","A",4,3.06897430928505
"184",0,84,"vbnb3hzv",1,11,3,2,"immutable","medium",1,"A","A",4,2.84559346048491
"185",0,85,"vlse4p02",1,11,1,1,"uncertain","low",1,"A","A",4,3.17009403009292
"186",0,86,"w1bsps02",1,11,1,1,"uncertain","low",2,"B","A",4,3.90058671349706
"187",0,87,"weih2owe",1,11,2,2,"certain","medium",2,"B","B",3,3.23260841456717
"189",0,89,"wh0jv34b",1,11,3,2,"immutable","medium",1,"A","B",3,2.31176274619365
"190",0,90,"wtyosded",1,11,1,3,"uncertain","high",2,"B","A",4,3.22891935960456
"191",0,91,"wu1teumt",1,11,3,2,"immutable","medium",1,"A","B",3,2.91745915776989
"192",0,92,"wxqujgvr",1,11,1,3,"uncertain","high",1,"A","D",1,1.89804130597424
"193",0,93,"x0fupy4p",1,11,2,1,"certain","low",2,"B","A",4,3.63594250720483
"194",0,94,"x9h3pitq",1,11,2,1,"certain","low",2,"B","C",2,2.5090111893319
"195",0,95,"xpxnrazz",1,11,2,1,"certain","low",1,"A","A",4,3.18298007756803
"196",0,96,"xw5qhps0",1,11,3,3,"immutable","high",3,"C","C",2,2.23124637746459
"198",0,98,"y0jevsdo",1,11,2,2,"certain","medium",2,"B","D",1,1.85786946564928
"199",0,0,"z8j7miqw",2,12,3,3,"immutable","high",1,"A","B",3,2.92263388584153
"200",0,1,"0c49miaj",2,12,2,3,"certain","high",3,"C","B",3,2.76458817465827
"202",0,3,"0we74a7t",2,12,3,1,"immutable","low",1,"A","A",4,3.22232876803297
"204",0,5,"18oszevx",2,12,3,1,"immutable","low",1,"A","A",4,3.11717205470733
"205",0,6,"2edm2qru",2,12,1,1,"uncertain","low",1,"A","A",4,3.50414807902827
"206",0,7,"2niw69h1",2,12,1,2,"uncertain","medium",1,"A","B",3,3.29530582041453
"207",0,8,"2t1qlwzh",2,12,1,3,"uncertain","high",4,"D","B",3,2.46090646090214
"208",0,9,"2uly3ka7",2,12,3,1,"immutable","low",1,"A","D",1,2.72464061381549
"209",0,10,"3g345yfz",2,12,3,2,"immutable","medium",4,"D","A",4,3.17314965056589
"211",0,12,"463bkcqj",2,12,1,2,"uncertain","medium",2,"B","D",1,1.9591675461761
"213",0,14,"5beloz5h",2,12,3,3,"immutable","high",1,"A","B",3,2.85915680742535
"214",0,15,"5cedzvw4",2,12,1,3,"uncertain","high",3,"C","A",4,2.71594701513202
"215",0,16,"68l7v6qk",2,12,3,3,"immutable","high",2,"B","B",3,2.6569002996636
"216",0,17,"6lcvfmi6",2,12,3,1,"immutable","low",4,"D","A",4,3.39130938928912
"217",0,18,"6n71fmln",2,12,3,2,"immutable","medium",2,"B","B",3,3.20627068341305
"218",0,19,"6xxpguro",2,12,1,1,"uncertain","low",2,"B","A",4,3.74229912418895
"219",0,20,"70hbcyls",2,12,1,2,"uncertain","medium",2,"B","A",4,3.18036773492631
"220",0,21,"752958xd",2,12,2,1,"certain","low",1,"A","B",3,2.59422116115851
"222",0,23,"81qc8udv",2,12,1,3,"uncertain","high",2,"B","B",3,3.12712958602564
"224",0,25,"96sj342h",2,12,1,3,"uncertain","high",1,"A","B",3,3.24049947489718
"225",0,26,"a4z4yzbe",2,12,2,3,"certain","high",2,"B","C",2,2.78062772258035
"226",0,27,"adiodid2",2,12,1,1,"uncertain","low",1,"A","B",3,3.76029226889951
"227",0,28,"ao87l2vz",2,12,3,1,"immutable","low",1,"A","A",4,3.46582632916768
"228",0,29,"b1x5rk7a",2,12,2,2,"certain","medium",2,"B","A",4,3.64140569825577
"229",0,30,"bp9jw69j",2,12,3,1,"immutable","low",2,"B","B",3,2.82249721437863
"230",0,31,"bvmm52pt",2,12,2,1,"certain","low",3,"C","B",3,3.1562474976979
"231",0,32,"c448dmwi",2,12,1,1,"uncertain","low",1,"A","C",2,2.93924309769473
"232",0,33,"c5v2u12s",2,12,2,2,"certain","medium",2,"B","B",3,2.78016278364189
"233",0,34,"cph9cpzu",2,12,2,2,"certain","medium",1,"A","C",2,2.70368138307477
"234",0,35,"cppwbnz4",2,12,2,1,"certain","low",4,"D","D",1,2.83823299668463
"235",0,36,"cxqzt2x6",2,12,3,3,"immutable","high",3,"C","B",3,2.46244558783712
"236",0,37,"cykm6g2s",2,12,1,3,"uncertain","high",4,"D","A",4,3.65702856176482
"237",0,38,"dvhlxebr",2,12,2,3,"certain","high",4,"D","C",2,1.96895561274116
"238",0,39,"e1teypau",2,12,3,2,"immutable","medium",4,"D","B",3,2.91731516801153
"239",0,40,"e1zughq1",2,12,2,3,"certain","high",2,"B","D",1,1.54241460719759
"240",0,41,"e78skor1",2,12,1,3,"uncertain","high",4,"D","D",1,2.61793556091044
"242",0,43,"g3l64f2k",2,12,2,1,"certain","low",1,"A","A",4,2.99456698920426
"243",0,44,"g8mv6py3",2,12,2,2,"certain","medium",1,"A","A",4,3.91983389926776
"245",0,46,"gqmt5kn4",2,12,1,3,"uncertain","high",4,"D","A",4,2.93802139017319
"246",0,47,"gtr5ips3",2,12,2,3,"certain","high",4,"D","A",4,2.81894041774309
"247",0,48,"h7fs85rd",2,12,3,2,"immutable","medium",2,"B","B",3,2.79732940996609
"248",0,49,"hh2ezh9j",2,12,1,3,"uncertain","high",2,"B","C",2,3.30554474993004
"249",0,50,"hhvlcx1h",2,12,1,1,"uncertain","low",4,"D","C",2,3.44032417109775
"250",0,51,"hiec0kvx",2,12,3,3,"immutable","high",3,"C","D",1,1.40107943974208
"251",0,52,"hij0kj90",2,12,2,3,"certain","high",2,"B","D",1,1.53172157524954
"252",0,53,"icw6pisv",2,12,3,3,"immutable","high",3,"C","B",3,2.73352568998908
"253",0,54,"idmw75ic",2,12,3,3,"immutable","high",2,"B","C",2,2.31856479973812
"254",0,55,"ivf2doqd",2,12,3,1,"immutable","low",3,"C","A",4,3.53695034986069
"255",0,56,"jeqw84cx",2,12,3,2,"immutable","medium",2,"B","B",3,2.38838813651913
"256",0,57,"l8xsgk4y",2,12,2,2,"certain","medium",3,"C","D",1,2.58369562502933
"257",0,58,"lhfy5twi",2,12,2,3,"certain","high",4,"D","B",3,2.36321155236814
"260",0,61,"n626q41f",2,12,3,2,"immutable","medium",1,"A","C",2,2.55750188363356
"261",0,62,"ndbdd100",2,12,1,3,"uncertain","high",3,"C","A",4,3.46792036591237
"262",0,63,"nhr2c03y",2,12,2,1,"certain","low",2,"B","B",3,2.67799181058805
"264",0,65,"o243mdon",2,12,1,3,"uncertain","high",4,"D","B",3,3.29485171798199
"265",0,66,"ocyioex1",2,12,1,1,"uncertain","low",1,"A","D",1,1.78023268397765
"266",0,67,"oda4jepj",2,12,1,1,"uncertain","low",1,"A","D",1,3.32838161940102
"267",0,68,"ow99iufl",2,12,2,3,"certain","high",2,"B","A",4,2.60221255867595
"268",0,69,"ppxno0of",2,12,3,2,"immutable","medium",1,"A","B",3,2.75901671480335
"270",0,71,"q0ixcbs0",2,12,2,3,"certain","high",1,"A","B",3,2.50042278509703
"271",0,72,"q5hucgk2",2,12,2,2,"certain","medium",1,"A","A",4,3.43426723549532
"272",0,73,"qiuco1z8",2,12,3,2,"immutable","medium",2,"B","A",4,3.69169335742713
"273",0,74,"qnfkuupl",2,12,3,3,"immutable","high",2,"B","A",4,2.86047984682143
"274",0,75,"qwthoytg",2,12,1,2,"uncertain","medium",1,"A","A",4,3.79096782930141
"275",0,76,"r5ad600b",2,12,3,2,"immutable","medium",1,"A","A",4,3.61506796710164
"276",0,77,"s69k0r8p",2,12,3,2,"immutable","medium",3,"C","A",4,3.29818308116855
"277",0,78,"si8w8t7h",2,12,1,1,"uncertain","low",2,"B","A",4,3.64978903959984
"278",0,79,"t2rw6z9s",2,12,1,3,"uncertain","high",2,"B","C",2,2.18982635875018
"280",0,81,"tfpx5tvs",2,12,3,2,"immutable","medium",1,"A","B",3,2.91745915776989
"281",0,82,"u2d1wrgq",2,12,2,2,"certain","medium",2,"B","C",2,2.20801937418789
"282",0,83,"unprtc6z",2,12,2,1,"certain","low",2,"B","D",1,3.08512347700489
"283",0,84,"vbnb3hzv",2,12,2,3,"certain","high",3,"C","C",2,1.97675740867644
"285",0,86,"w1bsps02",2,12,2,2,"certain","medium",2,"B","A",4,3.68995772829131
"286",0,87,"weih2owe",2,12,2,1,"certain","low",1,"A","A",4,3.40848449399219
"287",0,88,"wemgjdjq",2,12,3,3,"immutable","high",4,"D","A",4,2.4508654725445
"288",0,89,"wh0jv34b",2,12,2,2,"certain","medium",1,"A","B",3,2.4632778977088
"291",0,92,"wxqujgvr",2,12,3,1,"immutable","low",1,"A","A",4,3.03196208288072
"292",0,93,"x0fupy4p",2,12,3,3,"immutable","high",4,"D","C",2,2.25263244136069
"293",0,94,"x9h3pitq",2,12,3,3,"immutable","high",1,"A","A",4,2.35820053429695
"294",0,95,"xpxnrazz",2,12,3,1,"immutable","low",1,"A","A",4,2.92035381494176
"295",0,96,"xw5qhps0",2,12,3,1,"immutable","low",3,"C","C",2,2.72659421060397
"296",0,97,"xw741rz6",2,12,3,1,"immutable","low",1,"A","B",3,1.82712090594367
"297",0,98,"y0jevsdo",2,12,3,2,"immutable","medium",1,"A","D",1,1.70635431413413
"298",0,0,"z8j7miqw",3,13,1,3,"uncertain","high",3,"C","A",4,3.18526014846779
"299",0,1,"0c49miaj",3,13,3,2,"immutable","medium",4,"D","D",1,2.71032069500944
"300",0,2,"0qmnf636",3,13,2,2,"certain","medium",1,"A","C",2,2.03904961683182
"301",0,3,"0we74a7t",3,13,2,2,"certain","medium",3,"C","B",3,3.3577858349282
"302",0,4,"135djle5",3,13,2,3,"certain","high",4,"D","C",2,2.12131931004756
"305",0,7,"2niw69h1",3,13,3,2,"immutable","medium",4,"D","B",3,3.04278056788928
"306",0,8,"2t1qlwzh",3,13,2,2,"certain","medium",4,"D","A",4,2.95403622379682
"307",0,9,"2uly3ka7",3,13,3,3,"immutable","high",2,"B","C",2,2.15996750311313
"308",0,10,"3g345yfz",3,13,2,3,"certain","high",1,"A","D",1,1.94290414614316
"309",0,11,"40uikqmk",3,13,3,1,"immutable","low",3,"C","B",3,2.81375777921906
"310",0,12,"463bkcqj",3,13,1,3,"uncertain","high",4,"D","D",1,1.69578479821249
"311",0,13,"4ogdjn19",3,13,2,3,"certain","high",2,"B","C",2,2.28369492602989
"312",0,14,"5beloz5h",3,13,3,2,"immutable","medium",1,"A","A",4,3.57156360962332
"313",0,15,"5cedzvw4",3,13,3,2,"immutable","medium",2,"B","B",3,3.16781399849194
"314",0,16,"68l7v6qk",3,13,3,2,"immutable","medium",1,"A","C",2,2.59047892672236
"315",0,17,"6lcvfmi6",3,13,1,1,"uncertain","low",1,"A","A",4,3.75494575292548
"316",0,18,"6n71fmln",3,13,1,1,"uncertain","low",1,"A","A",4,3.58596513166933
"317",0,19,"6xxpguro",3,13,1,2,"uncertain","medium",2,"B","A",4,3.50230029341662
"318",0,20,"70hbcyls",3,13,3,3,"immutable","high",2,"B","D",1,2.03055806631952
"319",0,21,"752958xd",3,13,3,1,"immutable","low",1,"A","B",3,2.33159489853224
"320",0,22,"7dr3w97z",3,13,1,2,"uncertain","medium",2,"B","A",4,3.38202655585445
"321",0,23,"81qc8udv",3,13,3,1,"immutable","low",1,"A","A",4,3.55298989778277
"322",0,24,"8e3c4zqd",3,13,1,3,"uncertain","high",2,"B","C",2,2.51525870398695
"323",0,25,"96sj342h",3,13,3,3,"immutable","high",4,"D","A",4,2.97787321227091
"324",0,26,"a4z4yzbe",3,13,3,1,"immutable","low",1,"A","D",1,2.82784373035265
"325",0,27,"adiodid2",3,13,2,3,"certain","high",2,"B","B",3,2.90625884001662
"326",0,28,"ao87l2vz",3,13,3,2,"immutable","medium",1,"A","A",4,3.45157785157788
"327",0,29,"b1x5rk7a",3,13,2,1,"certain","low",1,"A","A",4,3.73379910776797
"328",0,30,"bp9jw69j",3,13,2,1,"certain","low",3,"C","B",3,3.08512347700489
"329",0,31,"bvmm52pt",3,13,3,1,"immutable","low",2,"B","A",4,2.89362123507164
"330",0,32,"c448dmwi",3,13,3,3,"immutable","high",1,"A","C",2,2.58273018929937
"331",0,33,"c5v2u12s",3,13,2,1,"certain","low",1,"A","A",4,2.68529192335055
"332",0,34,"cph9cpzu",3,13,3,2,"immutable","medium",3,"C","B",3,2.55216623155962
"334",0,36,"cxqzt2x6",3,13,1,2,"uncertain","medium",1,"A","B",3,2.55924032616168
"336",0,38,"dvhlxebr",3,13,3,2,"immutable","medium",1,"A","D",1,2.14827263066988
"337",0,39,"e1teypau",3,13,1,3,"uncertain","high",4,"D","B",3,3.02377161583003
"338",0,40,"e1zughq1",3,13,2,2,"certain","medium",2,"B","B",3,3.00273224359073
"339",0,41,"e78skor1",3,13,3,3,"immutable","high",1,"A","B",3,2.35530929828418
"340",0,42,"fc2ylfo4",3,13,3,3,"immutable","high",4,"D","D",1,1.49909089396366
"341",0,43,"g3l64f2k",3,13,1,1,"uncertain","low",1,"A","B",3,3.09557709021436
"342",0,44,"g8mv6py3",3,13,3,2,"immutable","medium",1,"A","A",4,3.76831874775261
"343",0,45,"gan5shdm",3,13,3,3,"immutable","high",4,"D","B",3,2.76649186917779
"344",0,46,"gqmt5kn4",3,13,1,1,"uncertain","low",4,"D","A",4,3.58791872845781
"345",0,47,"gtr5ips3",3,13,2,2,"certain","medium",1,"A","B",3,3.27077711997155
"346",0,48,"h7fs85rd",3,13,2,1,"certain","low",1,"A","A",4,2.91809645253722
"348",0,50,"hhvlcx1h",3,13,3,2,"immutable","medium",4,"D","B",3,3.23939171626021
"349",0,51,"hiec0kvx",3,13,1,1,"uncertain","low",1,"A","D",1,1.69306911536256
"351",0,53,"icw6pisv",3,13,3,1,"immutable","low",3,"C","D",1,2.82249721437863
"352",0,54,"idmw75ic",3,13,2,2,"certain","medium",1,"A","A",4,3.52632362300918
"353",0,55,"ivf2doqd",3,13,2,3,"certain","high",3,"C","C",2,2.19794470037304
"354",0,56,"jeqw84cx",3,13,2,1,"certain","low",1,"A","C",2,2.3512378744152
"355",0,57,"l8xsgk4y",3,13,3,3,"immutable","high",3,"C","B",3,2.26710379266608
"357",0,59,"mnrpap0c",3,13,3,2,"immutable","medium",2,"B","D",1,1.21573997780447
"358",0,60,"n4clpko5",3,13,2,1,"certain","low",2,"B","A",4,3.01060653712633
"359",0,61,"n626q41f",3,13,2,2,"certain","medium",1,"A","C",2,2.70901703514872
"360",0,62,"ndbdd100",3,13,2,1,"certain","low",2,"B","B",3,3.34126766687613
"361",0,63,"nhr2c03y",3,13,2,3,"certain","high",3,"C","B",3,2.4819279572137
"362",0,64,"nxf17i6z",3,13,2,3,"certain","high",1,"A","C",2,2.55477502818184
"363",0,65,"o243mdon",3,13,3,1,"immutable","low",4,"D","A",4,3.23497539676949
"364",0,66,"ocyioex1",3,13,1,2,"uncertain","medium",2,"B","D",1,1.67006804101622
"365",0,67,"oda4jepj",3,13,1,3,"uncertain","high",3,"C","B",3,2.35911668732322
"366",0,68,"ow99iufl",3,13,3,3,"immutable","high",4,"D","D",1,2.73352568998908
"367",0,69,"ppxno0of",3,13,2,1,"certain","low",3,"C","B",3,2.91274993656319
"368",0,70,"py0h20qw",3,13,3,1,"immutable","low",2,"B","A",4,3.38935579250064
"369",0,71,"q0ixcbs0",3,13,1,1,"uncertain","low",1,"A","A",4,3.3444211673231
"370",0,72,"q5hucgk2",3,13,1,2,"uncertain","medium",1,"A","B",3,3.53527733650542
"371",0,73,"qiuco1z8",3,13,3,3,"immutable","high",1,"A","A",4,3.04291848730378
"372",0,74,"qnfkuupl",3,13,2,3,"certain","high",2,"B","B",3,2.7291667155083
"373",0,75,"qwthoytg",3,13,1,3,"uncertain","high",2,"B","A",4,2.59188409431244
"374",0,76,"r5ad600b",3,13,2,3,"certain","high",4,"D","C",2,2.55477502818184
"375",0,77,"s69k0r8p",3,13,1,1,"uncertain","low",1,"A","A",4,3.56653266456171
"376",0,78,"si8w8t7h",3,13,1,2,"uncertain","medium",3,"C","A",4,3.26218478756737
"377",0,79,"t2rw6z9s",3,13,1,1,"uncertain","low",1,"A","C",2,2.51607188335582
"378",0,80,"t40ex8ua",3,13,2,1,"certain","low",2,"B","B",3,3.49225514342173
"379",0,81,"tfpx5tvs",3,13,1,2,"uncertain","medium",2,"B","B",3,3.16998441029515
"380",0,82,"u2d1wrgq",3,13,3,2,"immutable","medium",2,"B","D",1,2.05650422267274
"382",0,84,"vbnb3hzv",3,13,3,3,"immutable","high",3,"C","C",2,2.10807053998958
"383",0,85,"vlse4p02",3,13,1,2,"uncertain","medium",1,"A","A",4,3.05504632480692
"384",0,86,"w1bsps02",3,13,2,3,"certain","high",2,"B","D",1,2.19794470037304
"386",0,88,"wemgjdjq",3,13,2,3,"certain","high",4,"D","D",1,2.31955234123137
"387",0,89,"wh0jv34b",3,13,1,3,"uncertain","high",2,"B","B",3,2.4012077018433
"388",0,90,"wtyosded",3,13,1,1,"uncertain","low",2,"B","A",4,3.75833867211103
"389",0,91,"wu1teumt",3,13,1,2,"uncertain","medium",3,"C","B",3,3.16998441029515
"390",0,92,"wxqujgvr",3,13,1,1,"uncertain","low",1,"A","B",3,3.39559844651708
"391",0,93,"x0fupy4p",3,13,1,3,"uncertain","high",4,"D","C",2,2.51525870398695
"392",0,94,"x9h3pitq",3,13,1,3,"uncertain","high",3,"C","C",2,2.62082679692321
"393",0,95,"xpxnrazz",3,13,2,3,"certain","high",4,"D","A",4,3.17577074555189
"394",0,96,"xw5qhps0",3,13,2,2,"certain","medium",3,"C","A",4,3.03570928667952
"395",0,97,"xw741rz6",3,13,1,1,"uncertain","low",4,"D","D",1,2.19075726958004
"397",0,0,"z8j7miqw",4,14,3,1,"immutable","low",4,"D","A",4,3.15120474733995
"399",0,2,"0qmnf636",4,14,3,2,"immutable","medium",1,"A","C",2,1.88753446531667
"400",0,3,"0we74a7t",4,14,2,3,"certain","high",2,"B","B",3,2.47280312188234
"401",0,4,"135djle5",4,14,1,2,"uncertain","medium",1,"A","B",3,3.46398759825388
"402",0,5,"18oszevx",4,14,3,3,"immutable","high",4,"D","C",2,1.78086402806366
"403",0,6,"2edm2qru",4,14,3,2,"immutable","medium",2,"B","B",3,3.04278056788928
"404",0,7,"2niw69h1",4,14,1,3,"uncertain","high",4,"D","B",3,2.82842982065899
"405",0,8,"2t1qlwzh",4,14,3,3,"immutable","high",4,"D","D",1,2.19828019827587
"406",0,9,"2uly3ka7",4,14,3,2,"immutable","medium",2,"B","C",2,2.6390309567579
"408",0,11,"40uikqmk",4,14,2,3,"certain","high",2,"B","C",2,2.3166611052186
"409",0,12,"463bkcqj",4,14,1,1,"uncertain","low",3,"C","A",4,2.66315216632446
"410",0,13,"4ogdjn19",4,14,3,2,"immutable","medium",1,"A","B",3,3.00432388296818
"413",0,16,"68l7v6qk",4,14,2,2,"certain","medium",2,"B","C",2,2.74199407823751
"414",0,17,"6lcvfmi6",4,14,2,2,"certain","medium",3,"C","A",4,3.72307876113847
"415",0,18,"6n71fmln",4,14,3,3,"immutable","high",1,"A","C",2,2.60411625319547
"416",0,19,"6xxpguro",4,14,2,2,"certain","medium",3,"C","A",4,3.40129019240652
"417",0,20,"70hbcyls",4,14,2,3,"certain","high",2,"B","C",2,1.89924493500639
"418",0,21,"752958xd",4,14,2,2,"certain","medium",2,"B","D",1,2.08803361614245
"419",0,22,"7dr3w97z",4,14,2,3,"certain","high",2,"B","C",2,2.14359245728823
"420",0,23,"81qc8udv",4,14,2,2,"certain","medium",3,"C","A",4,3.80489581377954
"421",0,24,"8e3c4zqd",4,14,1,1,"uncertain","low",1,"A","A",4,3.73695260821493
"422",0,25,"96sj342h",4,14,3,1,"immutable","low",4,"D","D",1,2.66811681864748
"423",0,26,"a4z4yzbe",4,14,2,1,"certain","low",1,"A","A",4,3.09046999297891
"424",0,27,"adiodid2",4,14,1,3,"uncertain","high",2,"B","B",3,3.30019823395601
"425",0,28,"ao87l2vz",4,14,2,2,"certain","medium",1,"A","B",3,3.60309300309303
"426",0,29,"b1x5rk7a",4,14,1,3,"uncertain","high",2,"B","A",4,3.0888168908629
"427",0,30,"bp9jw69j",4,14,3,3,"immutable","high",2,"B","B",3,2.73352568998908
"428",0,31,"bvmm52pt",4,14,2,3,"certain","high",2,"B","D",1,2.28369492602989
"429",0,32,"c448dmwi",4,14,2,3,"certain","high",2,"B","B",3,2.45141705798624
"430",0,33,"c5v2u12s",4,14,1,3,"uncertain","high",3,"C","A",4,3.12556138940895
"431",0,34,"cph9cpzu",4,14,2,1,"certain","low",2,"B","D",1,2.91614285574874
"432",0,35,"cppwbnz4",4,14,1,3,"uncertain","high",4,"D","A",4,2.84535645192563
"433",0,36,"cxqzt2x6",4,14,2,2,"certain","medium",2,"B","D",1,2.45823022515158
"434",0,37,"cykm6g2s",4,14,2,3,"certain","high",2,"B","A",4,3.26308916782542
"435",0,38,"dvhlxebr",4,14,3,1,"immutable","low",4,"D","D",1,1.99610152719983
"436",0,39,"e1teypau",4,14,2,3,"certain","high",4,"D","B",3,2.62983222189064
"437",0,40,"e1zughq1",4,14,3,1,"immutable","low",4,"D","A",4,3.11377913552178
"438",0,41,"e78skor1",4,14,2,2,"certain","medium",4,"D","B",3,2.66508070839531
"439",0,42,"fc2ylfo4",4,14,2,2,"certain","medium",3,"C","D",1,2.0215035709314
"440",0,43,"g3l64f2k",4,14,3,3,"immutable","high",1,"A","C",2,2.40966154136899
"441",0,44,"g8mv6py3",4,14,2,3,"certain","high",1,"A","A",4,3.26843568379945
"442",0,45,"gan5shdm",4,14,3,2,"immutable","medium",1,"A","A",4,2.9991322206526
"443",0,46,"gqmt5kn4",4,14,1,2,"uncertain","medium",1,"A","A",4,3.70395911434477
"444",0,47,"gtr5ips3",4,14,3,2,"immutable","medium",3,"C","B",3,3.1192619684564
"445",0,48,"h7fs85rd",4,14,2,3,"certain","high",1,"A","B",3,2.41845087879752
"446",0,49,"hh2ezh9j",4,14,3,3,"immutable","high",2,"B","A",4,3.04291848730378
"447",0,50,"hhvlcx1h",4,14,3,1,"immutable","low",4,"D","A",4,3.07668780746139
"448",0,51,"hiec0kvx",4,14,2,1,"certain","low",1,"A","D",1,1.59205901435246
"449",0,52,"hij0kj90",4,14,2,2,"certain","medium",3,"C","D",1,2.8390981383086
"450",0,53,"icw6pisv",4,14,2,2,"certain","medium",1,"A","B",3,3.06897430928504
"451",0,54,"idmw75ic",4,14,1,3,"uncertain","high",2,"B","C",2,2.58119106236439
"453",0,56,"jeqw84cx",4,14,3,1,"immutable","low",3,"C","C",2,2.08861161178894
"454",0,57,"l8xsgk4y",4,14,1,3,"uncertain","high",2,"B","C",2,2.52973005529234
"455",0,58,"lhfy5twi",4,14,2,2,"certain","medium",3,"C","B",3,2.94913254099796
"456",0,59,"mnrpap0c",4,14,3,3,"immutable","high",2,"B","D",1,1.40107943974208
"457",0,60,"n4clpko5",4,14,3,2,"immutable","medium",3,"C","B",3,3.03744491581534
"458",0,61,"n626q41f",4,14,1,1,"uncertain","low",2,"B","A",4,3.40968439765067
"460",0,63,"nhr2c03y",4,14,1,3,"uncertain","high",4,"D","B",3,2.87586735115309
"461",0,64,"nxf17i6z",4,14,2,2,"certain","medium",2,"B","A",4,3.76658311861679
"462",0,65,"o243mdon",4,14,3,3,"immutable","high",3,"C","B",3,3.03222545535573
"463",0,66,"ocyioex1",4,14,3,2,"immutable","medium",2,"B","D",1,1.41754278849097
"464",0,67,"oda4jepj",4,14,3,2,"immutable","medium",3,"C","A",4,3.09118860816646
"465",0,68,"ow99iufl",4,14,2,2,"certain","medium",2,"B","A",4,3.06897430928505
"466",0,69,"ppxno0of",4,14,3,1,"immutable","low",2,"B","D",1,2.65012367393693
"467",0,70,"py0h20qw",4,14,1,2,"uncertain","medium",1,"A","A",4,3.5789256837421
"468",0,71,"q0ixcbs0",4,14,2,2,"certain","medium",2,"B","A",4,3.35764184516984
"470",0,73,"qiuco1z8",4,14,1,2,"uncertain","medium",1,"A","A",4,3.94421860995238
"471",0,74,"qnfkuupl",4,14,1,1,"uncertain","low",1,"A","A",4,2.70592429411666
"472",0,75,"qwthoytg",4,14,1,1,"uncertain","low",1,"A","A",4,3.90058671349706
"473",0,76,"r5ad600b",4,14,1,2,"uncertain","medium",2,"B","A",4,3.8675932196269
"474",0,77,"s69k0r8p",4,14,2,3,"certain","high",4,"D","C",2,1.83042134061619
"475",0,78,"si8w8t7h",4,14,3,1,"immutable","low",3,"C","A",4,3.28615267596348
"476",0,79,"t2rw6z9s",4,14,1,2,"uncertain","medium",2,"B","B",3,2.44430224067346
"477",0,80,"t40ex8ua",4,14,2,3,"certain","high",2,"B","B",3,2.7224971601382
"478",0,81,"tfpx5tvs",4,14,3,3,"immutable","high",2,"B","B",3,2.73352568998908
"479",0,82,"u2d1wrgq",4,14,1,2,"uncertain","medium",1,"A","D",1,2.30902947519799
"480",0,83,"unprtc6z",4,14,3,2,"immutable","medium",3,"C","A",4,2.91745915776989
"481",0,84,"vbnb3hzv",4,14,1,2,"uncertain","medium",3,"C","A",4,3.09811871301016
"482",0,85,"vlse4p02",4,14,3,1,"immutable","low",1,"A","A",4,2.80645766645655
"483",0,86,"w1bsps02",4,14,3,2,"immutable","medium",1,"A","A",4,3.53844257677616
"484",0,87,"weih2owe",4,14,1,3,"uncertain","high",2,"B","B",3,3.00684498456339
"485",0,88,"wemgjdjq",4,14,3,2,"immutable","medium",4,"D","D",1,2.55231022131798
"486",0,89,"wh0jv34b",4,14,1,1,"uncertain","low",2,"B","B",3,2.44155494347726
"487",0,90,"wtyosded",4,14,1,2,"uncertain","medium",2,"B","A",4,3.61723837890485
"488",0,91,"wu1teumt",4,14,3,1,"immutable","low",1,"A","B",3,2.82249721437863
"489",0,92,"wxqujgvr",4,14,3,2,"immutable","medium",1,"A","C",2,2.68772697655181
"490",0,93,"x0fupy4p",4,14,2,2,"certain","medium",2,"B","A",4,3.36297749724378
"492",0,95,"xpxnrazz",4,14,3,2,"immutable","medium",2,"B","C",2,3.19588735878188
"493",0,96,"xw5qhps0",4,14,1,1,"uncertain","low",4,"D","A",4,3.09023057424033
"494",0,97,"xw741rz6",4,14,1,2,"uncertain","medium",4,"D","D",1,2.03550495698486
"495",0,98,"y0jevsdo",4,14,2,1,"certain","low",1,"A","D",1,2.07905413662189
"496",0,0,"z8j7miqw",5,15,2,3,"certain","high",1,"A","B",3,2.7913207545284
"497",0,1,"0c49miaj",5,15,1,2,"uncertain","medium",4,"D","A",4,2.9628459475347
"498",0,2,"0qmnf636",5,15,2,1,"certain","low",1,"A","D",1,1.80381176340081
"499",0,3,"0we74a7t",5,15,2,1,"certain","low",1,"A","A",4,3.48495503065923
"500",0,4,"135djle5",5,15,1,3,"uncertain","high",3,"C","C",2,2.51525870398695
"501",0,5,"18oszevx",5,15,2,2,"certain","medium",2,"B","A",4,2.795881760347
"502",0,6,"2edm2qru",5,15,1,3,"uncertain","high",2,"B","B",3,2.82842982065899
"503",0,7,"2niw69h1",5,15,3,3,"immutable","high",4,"D","C",2,2.56580355803273
"505",0,9,"2uly3ka7",5,15,1,2,"uncertain","medium",1,"A","C",2,2.89155620928316
"506",0,10,"3g345yfz",5,15,2,2,"certain","medium",1,"A","B",3,3.32466480208104
"507",0,11,"40uikqmk",5,15,1,2,"uncertain","medium",3,"C","A",4,3.33852219837613
"508",0,12,"463bkcqj",5,15,2,2,"certain","medium",3,"C","D",1,1.858157445166
"509",0,13,"4ogdjn19",5,15,2,2,"certain","medium",2,"B","A",4,3.15583903448333
"510",0,14,"5beloz5h",5,15,2,3,"certain","high",4,"D","B",3,2.72784367611222
"511",0,15,"5cedzvw4",5,15,1,1,"uncertain","low",3,"C","A",4,3.33907465134907
"512",0,16,"68l7v6qk",5,15,3,1,"immutable","low",3,"C","A",4,2.6588631090965
"513",0,17,"6lcvfmi6",5,15,3,3,"immutable","high",4,"D","C",2,2.85915680742535
"515",0,19,"6xxpguro",5,15,2,3,"certain","high",2,"B","C",2,2.29973447395196
"517",0,21,"752958xd",5,15,3,3,"immutable","high",2,"B","B",3,2.50364951901263
"518",0,22,"7dr3w97z",5,15,2,1,"certain","low",1,"A","A",4,3.23271803436494
"519",0,23,"81qc8udv",5,15,3,3,"immutable","high",2,"B","B",3,2.86450332339938
"520",0,24,"8e3c4zqd",5,15,2,3,"certain","high",1,"A","B",3,2.12131931004756
"521",0,25,"96sj342h",5,15,3,2,"immutable","medium",2,"B","A",4,3.11911797869804
"522",0,26,"a4z4yzbe",5,15,3,2,"immutable","medium",1,"A","D",1,2.95577185293264
"523",0,27,"adiodid2",5,15,1,2,"uncertain","medium",2,"B","A",4,3.86240155731131
"524",0,28,"ao87l2vz",5,15,1,3,"uncertain","high",4,"D","C",2,2.9104017269585
"525",0,29,"b1x5rk7a",5,15,1,1,"uncertain","low",2,"B","A",4,3.83480920877807
"526",0,30,"bp9jw69j",5,15,3,2,"immutable","medium",1,"A","B",3,2.91745915776989
"527",0,31,"bvmm52pt",5,15,2,2,"certain","medium",2,"B","A",4,3.15583903448333
"528",0,32,"c448dmwi",5,15,1,3,"uncertain","high",2,"B","B",3,2.84535645192563
"529",0,33,"c5v2u12s",5,15,2,3,"certain","high",3,"C","B",3,2.73162199546956
"530",0,34,"cph9cpzu",5,15,3,3,"immutable","high",4,"D","B",3,2.47848513575919
"531",0,35,"cppwbnz4",5,15,2,3,"certain","high",3,"C","C",2,2.45141705798624
"532",0,36,"cxqzt2x6",5,15,3,1,"immutable","low",1,"A","D",1,2.16847506764153
"533",0,37,"cykm6g2s",5,15,3,1,"immutable","low",4,"D","B",3,3.40734893721119
"534",0,38,"dvhlxebr",5,15,1,3,"uncertain","high",1,"A","B",3,2.36289500668056
"535",0,39,"e1teypau",5,15,1,2,"uncertain","medium",1,"A","A",4,3.16984042053678
"536",0,40,"e1zughq1",5,15,1,1,"uncertain","low",2,"B","B",3,3.47741549915814
"537",0,41,"e78skor1",5,15,3,1,"immutable","low",4,"D","D",1,2.16508214845598
"538",0,42,"fc2ylfo4",5,15,2,3,"certain","high",2,"B","D",1,1.36777776265053
"539",0,43,"g3l64f2k",5,15,1,3,"uncertain","high",2,"B","B",3,2.67228780399526
"540",0,44,"g8mv6py3",5,15,1,1,"uncertain","low",1,"A","A",4,3.9326658093412
"541",0,45,"gan5shdm",5,15,2,2,"certain","medium",2,"B","B",3,3.15064737216775
"542",0,46,"gqmt5kn4",5,15,3,2,"immutable","medium",2,"B","A",4,3.45143386181952
"543",0,47,"gtr5ips3",5,15,2,1,"certain","low",3,"C","A",4,3.17228704561998
"544",0,48,"h7fs85rd",5,15,3,1,"immutable","low",1,"A","D",1,2.65547018991095
"545",0,49,"hh2ezh9j",5,15,2,3,"certain","high",2,"B","A",4,2.91160535599064
"546",0,50,"hhvlcx1h",5,15,2,3,"certain","high",4,"D","B",3,3.00270209762151
"547",0,51,"hiec0kvx",5,15,3,1,"immutable","low",3,"C","D",1,1.3294327517262
"548",0,52,"hij0kj90",5,15,3,1,"immutable","low",3,"C","D",1,2.79041811853448
"549",0,53,"icw6pisv",5,15,2,1,"certain","low",1,"A","A",4,3.08512347700489
"550",0,54,"idmw75ic",5,15,3,2,"immutable","medium",3,"C","A",4,3.37480847149403
"551",0,55,"ivf2doqd",5,15,3,3,"immutable","high",2,"B","B",3,2.32925783168617
"553",0,57,"l8xsgk4y",5,15,2,3,"certain","high",2,"B","C",2,2.13579066135294
"554",0,58,"lhfy5twi",5,15,3,2,"immutable","medium",4,"D","C",2,2.79761738948281
"555",0,59,"mnrpap0c",5,15,1,1,"uncertain","low",1,"A","D",1,1.69306911536256
"556",0,60,"n4clpko5",5,15,3,3,"immutable","high",4,"D","B",3,2.9449070330822
"557",0,61,"n626q41f",5,15,3,1,"immutable","low",1,"A","A",4,3.04604803401431
"558",0,62,"ndbdd100",5,15,2,2,"certain","medium",3,"C","A",4,3.63607004618183
"559",0,63,"nhr2c03y",5,15,3,2,"immutable","medium",3,"C","D",1,2.34517175855753
"560",0,64,"nxf17i6z",5,15,3,1,"immutable","low",2,"B","A",4,3.54764338180874
"561",0,65,"o243mdon",5,15,3,2,"immutable","medium",4,"D","A",4,3.528059252145
"562",0,66,"ocyioex1",5,15,2,1,"certain","low",2,"B","D",1,1.67922258296755
"563",0,67,"oda4jepj",5,15,2,2,"certain","medium",1,"A","A",4,3.24270375968161
"564",0,68,"ow99iufl",5,15,1,2,"uncertain","medium",1,"A","A",4,3.16998441029515
"565",0,69,"ppxno0of",5,15,1,3,"uncertain","high",2,"B","B",3,2.63397510883251
"566",0,70,"py0h20qw",5,15,3,2,"immutable","medium",2,"B","B",3,3.32640043121685
"567",0,71,"q0ixcbs0",5,15,3,1,"immutable","low",2,"B","A",4,2.98078480368673
"568",0,72,"q5hucgk2",5,15,2,3,"certain","high",1,"A","B",3,2.85725311290583
"569",0,73,"qiuco1z8",5,15,1,3,"uncertain","high",1,"A","B",3,3.30554474993004
"571",0,75,"qwthoytg",5,15,2,2,"certain","medium",3,"C","A",4,3.68995772829131
"572",0,76,"r5ad600b",5,15,3,1,"immutable","low",2,"B","A",4,3.54764338180874
"573",0,77,"s69k0r8p",5,15,1,3,"uncertain","high",4,"D","D",1,2.22436073455558
"575",0,79,"t2rw6z9s",5,15,2,3,"certain","high",4,"D","C",2,1.79588696481079
"576",0,80,"t40ex8ua",5,15,1,3,"uncertain","high",2,"B","B",3,3.11643655407759
"577",0,81,"tfpx5tvs",5,15,1,3,"uncertain","high",3,"C","B",3,2.99615195261534
"578",0,82,"u2d1wrgq",5,15,2,3,"certain","high",2,"B","A",4,2.58371773079262
"579",0,83,"unprtc6z",5,15,1,2,"uncertain","medium",4,"D","D",1,3.16998441029515
"580",0,84,"vbnb3hzv",5,15,2,2,"certain","medium",3,"C","A",4,2.99710861200006
"581",0,85,"vlse4p02",5,15,2,1,"certain","low",1,"A","D",1,3.06908392908282
"582",0,86,"w1bsps02",5,15,2,1,"certain","low",2,"B","A",4,3.79957661248696
"583",0,87,"weih2owe",5,15,3,2,"immutable","medium",3,"C","B",3,3.08109326305202
"584",0,88,"wemgjdjq",5,15,2,2,"certain","medium",3,"C","A",4,2.70382537283313
"585",0,89,"wh0jv34b",5,15,3,3,"immutable","high",3,"C","C",2,2.13858143921704
"586",0,90,"wtyosded",5,15,2,3,"certain","high",1,"A","B",3,2.83497996566516
"587",0,91,"wu1teumt",5,15,1,1,"uncertain","low",1,"A","B",3,3.18613357801499
"588",0,92,"wxqujgvr",5,15,1,2,"uncertain","medium",2,"B","B",3,2.94025222907706
"589",0,93,"x0fupy4p",5,15,2,3,"certain","high",4,"D","C",2,2.12131931004756
"590",0,94,"x9h3pitq",5,15,1,2,"uncertain","medium",1,"A","D",1,2.23240408487251
"591",0,95,"xpxnrazz",5,15,3,3,"immutable","high",1,"A","A",4,3.30708387686502
"592",0,96,"xw5qhps0",5,15,2,1,"certain","low",4,"D","C",2,2.98922047323023
"593",0,97,"xw741rz6",5,15,1,3,"uncertain","high",4,"D","C",2,2.10785445245067
"594",0,98,"y0jevsdo",5,15,3,3,"immutable","high",1,"A","D",1,1.48839786201561
"595",0,0,"z8j7miqw",6,16,2,1,"certain","low",2,"B","B",3,3.41383100996621
"596",0,1,"0c49miaj",6,16,3,3,"immutable","high",1,"A","A",4,2.8959013059714
"597",0,2,"0qmnf636",6,16,2,3,"certain","high",1,"A","A",4,2.95212817389404
"598",0,3,"0we74a7t",6,16,1,1,"uncertain","low",1,"A","B",3,3.58596513166933
"599",0,4,"135djle5",6,16,3,1,"immutable","low",1,"A","A",4,3.37331624457857
"600",0,5,"18oszevx",6,16,1,2,"uncertain","medium",2,"B","D",1,2.8968918613571
"601",0,6,"2edm2qru",6,16,2,2,"certain","medium",1,"A","B",3,3.19429571940443
"602",0,7,"2niw69h1",6,16,3,1,"immutable","low",3,"C","A",4,3.1405117153919
"603",0,8,"2t1qlwzh",6,16,1,1,"uncertain","low",2,"B","A",4,3.17009403009292
"604",0,9,"2uly3ka7",6,16,1,1,"uncertain","low",2,"B","A",4,3.08827697745185
"605",0,10,"3g345yfz",6,16,2,1,"certain","low",2,"B","A",4,3.6305959912308
"606",0,11,"40uikqmk",6,16,2,2,"certain","medium",2,"B","A",4,3.23751209736603
"608",0,13,"4ogdjn19",6,16,3,1,"immutable","low",1,"A","A",4,2.89362123507164
"609",0,14,"5beloz5h",6,16,2,1,"certain","low",1,"A","B",3,3.65393565191538
"610",0,15,"5cedzvw4",6,16,2,1,"certain","low",2,"B","A",4,3.23806455033897
"612",0,17,"6lcvfmi6",6,16,2,3,"certain","high",2,"B","B",3,2.72784367611222
"613",0,18,"6n71fmln",6,16,2,3,"certain","high",3,"C","C",2,2.47280312188234
"614",0,19,"6xxpguro",6,16,3,2,"immutable","medium",3,"C","C",2,3.24977504089137
"615",0,20,"70hbcyls",6,16,2,1,"certain","low",4,"D","A",4,3.38709843009609
"616",0,21,"752958xd",6,16,2,3,"certain","high",4,"D","B",3,2.3723363876995
"617",0,22,"7dr3w97z",6,16,1,1,"uncertain","low",1,"A","A",4,3.33372813537505
"618",0,23,"81qc8udv",6,16,2,3,"certain","high",2,"B","B",3,2.73319019208624
"619",0,24,"8e3c4zqd",6,16,2,2,"certain","medium",1,"A","B",3,3.36297749724378
"620",0,25,"96sj342h",6,16,1,2,"uncertain","medium",1,"A","A",4,3.37164323122329
"621",0,26,"a4z4yzbe",6,16,1,3,"uncertain","high",2,"B","A",4,3.17456711651974
"623",0,28,"ao87l2vz",6,16,1,2,"uncertain","medium",2,"B","A",4,3.70410310410313
"625",0,30,"bp9jw69j",6,16,1,2,"uncertain","medium",2,"B","B",3,3.16998441029515
"626",0,31,"bvmm52pt",6,16,3,3,"immutable","high",3,"C","B",3,2.41500805734302
"627",0,32,"c448dmwi",6,16,1,2,"uncertain","medium",2,"B","B",3,3.13152772537404
"629",0,34,"cph9cpzu",6,16,1,2,"uncertain","medium",3,"C","C",2,2.80469148408487
"630",0,35,"cppwbnz4",6,16,2,2,"certain","medium",2,"B","C",2,3.03051762436394
"632",0,37,"cykm6g2s",6,16,1,2,"uncertain","medium",3,"C","A",4,3.9390269476368
"633",0,38,"dvhlxebr",6,16,3,3,"immutable","high",1,"A","D",1,2.10026874405429
"634",0,39,"e1teypau",6,16,2,2,"certain","medium",1,"A","B",3,3.06883031952668
"635",0,40,"e1zughq1",6,16,1,2,"uncertain","medium",3,"C","B",3,3.10374234460083
"636",0,41,"e78skor1",6,16,1,1,"uncertain","low",4,"D","B",3,2.52871851209234
"637",0,42,"fc2ylfo4",6,16,3,1,"immutable","low",1,"A","D",1,2.13978889098292
"638",0,43,"g3l64f2k",6,16,2,3,"certain","high",2,"B","C",2,2.27834841005586
"639",0,44,"g8mv6py3",6,16,3,1,"immutable","low",4,"D","A",4,3.56902944570484
"640",0,45,"gan5shdm",6,16,3,1,"immutable","low",2,"B","D",1,2.74263375852604
"641",0,46,"gqmt5kn4",6,16,3,1,"immutable","low",1,"A","A",4,3.22428236482144
"643",0,48,"h7fs85rd",6,16,1,1,"uncertain","low",1,"A","B",3,3.01910655354732
"644",0,49,"hh2ezh9j",6,16,1,2,"uncertain","medium",4,"D","A",4,3.94421860995238
"645",0,50,"hhvlcx1h",6,16,1,2,"uncertain","medium",4,"D","B",3,3.49191696878546
"646",0,51,"hiec0kvx",6,16,1,3,"uncertain","high",4,"D","D",1,1.66370570236834
"647",0,52,"hij0kj90",6,16,2,1,"certain","low",4,"D","A",4,3.05304438116074
"648",0,53,"icw6pisv",6,16,2,3,"certain","high",4,"D","C",2,2.60221255867595
"649",0,54,"idmw75ic",6,16,1,1,"uncertain","low",1,"A","A",4,3.57722569650976
"650",0,55,"ivf2doqd",6,16,1,1,"uncertain","low",1,"A","A",4,3.90058671349706
"651",0,56,"jeqw84cx",6,16,1,2,"uncertain","medium",1,"A","B",3,2.64091338904438
"652",0,57,"l8xsgk4y",6,16,2,1,"certain","low",3,"C","C",2,2.9906597956273
"653",0,58,"lhfy5twi",6,16,2,1,"certain","low",4,"D","A",4,3.40118438122969
"654",0,59,"mnrpap0c",6,16,2,3,"certain","high",4,"D","D",1,1.26976630842895
"655",0,60,"n4clpko5",6,16,1,3,"uncertain","high",3,"C","A",4,3.20753329570846
"657",0,62,"ndbdd100",6,16,1,2,"uncertain","medium",2,"B","A",4,3.73708014719193
"658",0,63,"nhr2c03y",6,16,1,1,"uncertain","low",1,"A","C",2,2.77900191159815
"659",0,64,"nxf17i6z",6,16,3,3,"immutable","high",2,"B","B",3,2.68608815949497
"660",0,65,"o243mdon",6,16,2,3,"certain","high",1,"A","A",4,2.9009123240426
"661",0,66,"ocyioex1",6,16,3,3,"immutable","high",1,"A","D",1,1.61780729880922
"663",0,68,"ow99iufl",6,16,1,1,"uncertain","low",3,"C","A",4,3.18613357801499
"664",0,69,"ppxno0of",6,16,2,3,"certain","high",2,"B","B",3,2.24003571489312
"665",0,70,"py0h20qw",6,16,2,2,"certain","medium",2,"B","B",3,3.477915582732
"666",0,71,"q0ixcbs0",6,16,1,2,"uncertain","medium",3,"C","B",3,3.45865194617994
"667",0,72,"q5hucgk2",6,16,3,2,"immutable","medium",2,"B","A",4,3.28275208398017
"668",0,73,"qiuco1z8",6,16,2,3,"certain","high",2,"B","B",3,2.91160535599064
"669",0,74,"qnfkuupl",6,16,3,2,"immutable","medium",1,"A","D",1,2.01314385495278
"671",0,76,"r5ad600b",6,16,2,1,"certain","low",3,"C","A",4,3.81026964443501
"672",0,77,"s69k0r8p",6,16,2,2,"certain","medium",1,"A","A",4,3.4496982326837
"673",0,78,"si8w8t7h",6,16,2,3,"certain","high",3,"C","D",1,1.90459145098042
"674",0,79,"t2rw6z9s",6,16,2,1,"certain","low",2,"B","C",2,2.41506178234572
"675",0,80,"t40ex8ua",6,16,3,1,"immutable","low",1,"A","B",3,3.22962888079547
"676",0,81,"tfpx5tvs",6,16,2,3,"certain","high",2,"B","B",3,2.60221255867595
"677",0,82,"u2d1wrgq",6,16,3,3,"immutable","high",4,"D","A",4,2.71503086210575
"678",0,83,"unprtc6z",6,16,3,1,"immutable","low",2,"B","A",4,2.82249721437863
"679",0,84,"vbnb3hzv",6,16,2,1,"certain","low",4,"D","D",1,2.50078602856374
"680",0,85,"vlse4p02",6,16,1,3,"uncertain","high",4,"D","C",2,2.46090646090214
"681",0,86,"w1bsps02",6,16,1,3,"uncertain","high",2,"B","A",4,2.59188409431244
"682",0,87,"weih2owe",6,16,1,2,"uncertain","medium",2,"B","B",3,3.33361851557727
"683",0,88,"wemgjdjq",6,16,3,1,"immutable","low",4,"D","A",4,2.89506055746871
"684",0,89,"wh0jv34b",6,16,2,3,"certain","high",1,"A","D",1,2.0072683079039
"685",0,90,"wtyosded",6,16,3,1,"immutable","low",1,"A","A",4,3.39470230847466
"686",0,91,"wu1teumt",6,16,3,3,"immutable","high",4,"D","B",3,2.73352568998908
"687",0,92,"wxqujgvr",6,16,2,1,"certain","low",1,"A","A",4,3.29458834550698
"688",0,93,"x0fupy4p",6,16,3,2,"immutable","medium",2,"B","A",4,3.21146234572863
"689",0,94,"x9h3pitq",6,16,2,3,"certain","high",2,"B","C",2,2.22688740298381
"690",0,95,"xpxnrazz",6,16,2,2,"certain","medium",1,"A","A",4,3.34740251029704
"691",0,96,"xw5qhps0",6,16,1,2,"uncertain","medium",4,"D","A",4,3.13671938768962
"692",0,97,"xw741rz6",6,16,2,1,"certain","low",2,"B","D",1,2.08974716856994
"693",0,98,"y0jevsdo",6,16,1,2,"uncertain","medium",2,"B","B",3,1.95887956665938
"694",0,0,"z8j7miqw",7,17,1,2,"uncertain","medium",2,"B","B",3,3.37193121074002
"695",0,1,"0c49miaj",7,17,2,2,"certain","medium",4,"D","A",4,2.86183584652459
"696",0,2,"0qmnf636",7,17,1,3,"uncertain","high",1,"A","A",4,3.34606756783343
"697",0,3,"0we74a7t",7,17,1,3,"uncertain","high",3,"C","D",1,2.86674251582173
"698",0,4,"135djle5",7,17,2,2,"certain","medium",1,"A","B",3,3.36297749724378
"699",0,5,"18oszevx",7,17,2,1,"certain","low",1,"A","A",4,3.37979831733359
"700",0,6,"2edm2qru",7,17,2,3,"certain","high",3,"C","B",3,2.43449042671959
"702",0,8,"2t1qlwzh",7,17,3,1,"immutable","low",1,"A","D",1,2.80645766645655
"703",0,9,"2uly3ka7",7,17,2,1,"certain","low",1,"A","A",4,2.98726687644175
"704",0,10,"3g345yfz",7,17,1,3,"uncertain","high",3,"C","D",1,2.33684354008255
"705",0,11,"40uikqmk",7,17,1,3,"uncertain","high",3,"C","B",3,2.710600499158
"706",0,12,"463bkcqj",7,17,3,1,"immutable","low",1,"A","A",4,2.2995158026881
"707",0,13,"4ogdjn19",7,17,1,1,"uncertain","low",1,"A","C",2,3.25725759870801
"708",0,14,"5beloz5h",7,17,1,1,"uncertain","low",1,"A","A",4,3.75494575292548
"709",0,15,"5cedzvw4",7,17,1,2,"uncertain","medium",2,"B","A",4,3.4203392510172
"710",0,16,"68l7v6qk",7,17,2,1,"certain","low",1,"A","C",2,2.92148937172276
"711",0,17,"6lcvfmi6",7,17,1,2,"uncertain","medium",2,"B","A",4,3.82408886214857
"712",0,18,"6n71fmln",7,17,1,3,"uncertain","high",4,"D","A",4,2.86674251582173
"713",0,19,"6xxpguro",7,17,3,3,"immutable","high",4,"D","C",2,2.43104760526509
"714",0,20,"70hbcyls",7,17,3,2,"immutable","medium",2,"B","A",4,2.92784248240106
"715",0,21,"752958xd",7,17,1,2,"uncertain","medium",1,"A","D",1,2.18904371715255
"716",0,22,"7dr3w97z",7,17,3,3,"immutable","high",4,"D","C",2,2.27490558860136
"717",0,23,"81qc8udv",7,17,3,2,"immutable","medium",1,"A","A",4,3.65338066226438
"718",0,24,"8e3c4zqd",7,17,3,2,"immutable","medium",2,"B","A",4,3.21146234572863
"719",0,25,"96sj342h",7,17,2,2,"certain","medium",1,"A","B",3,3.27063313021319
"720",0,26,"a4z4yzbe",7,17,3,3,"immutable","high",2,"B","A",4,2.91194085389348
"721",0,27,"adiodid2",7,17,2,1,"certain","low",1,"A","A",4,3.65928216788941
"722",0,28,"ao87l2vz",7,17,3,3,"immutable","high",4,"D","A",4,2.64777546433223
"723",0,29,"b1x5rk7a",7,17,2,3,"certain","high",2,"B","C",2,2.6948774969235
"724",0,30,"bp9jw69j",7,17,2,2,"certain","medium",4,"D","B",3,3.06897430928505
"726",0,32,"c448dmwi",7,17,3,1,"immutable","low",2,"B","D",1,2.57560673405837
"727",0,33,"c5v2u12s",7,17,1,1,"uncertain","low",2,"B","C",2,2.78630202436065
"728",0,34,"cph9cpzu",7,17,1,3,"uncertain","high",4,"D","B",3,2.74111139838546
"729",0,35,"cppwbnz4",7,17,3,1,"immutable","low",1,"A","A",4,2.57560673405837
"730",0,36,"cxqzt2x6",7,17,3,2,"immutable","medium",1,"A","B",3,2.30671507363643
"731",0,37,"cykm6g2s",7,17,1,1,"uncertain","low",1,"A","A",4,3.77098530084756
"732",0,38,"dvhlxebr",7,17,1,1,"uncertain","low",4,"D","C",2,2.35973789083619
"733",0,39,"e1teypau",7,17,3,3,"immutable","high",3,"C","B",3,2.76114535320377
"734",0,40,"e1zughq1",7,17,1,3,"uncertain","high",2,"B","D",1,1.93635400113698
"735",0,41,"e78skor1",7,17,2,1,"certain","low",4,"D","D",1,2.42770841108224
"736",0,42,"fc2ylfo4",7,17,1,3,"uncertain","high",2,"B","D",1,1.76171715658992
"737",0,43,"g3l64f2k",7,17,1,2,"uncertain","medium",2,"B","A",4,3.17503208285236
"738",0,44,"g8mv6py3",7,17,1,2,"uncertain","medium",2,"B","A",4,4.02084400027786
"739",0,45,"gan5shdm",7,17,1,1,"uncertain","low",1,"A","B",3,3.1062701221624
"740",0,46,"gqmt5kn4",7,17,2,1,"certain","low",1,"A","C",2,3.48690862744771
"741",0,47,"gtr5ips3",7,17,1,3,"uncertain","high",3,"C","A",4,3.21287981168248
"742",0,48,"h7fs85rd",7,17,1,3,"uncertain","high",1,"A","B",3,2.81239027273691
"743",0,49,"hh2ezh9j",7,17,1,1,"uncertain","low",2,"B","A",4,3.92197277739316
"744",0,50,"hhvlcx1h",7,17,3,3,"immutable","high",4,"D","A",4,3.13401522893465
"745",0,51,"hiec0kvx",7,17,2,2,"certain","medium",4,"D","D",1,1.36725512931962
"746",0,52,"hij0kj90",7,17,1,1,"uncertain","low",4,"D","A",4,3.15405448217084
"747",0,53,"icw6pisv",7,17,1,3,"uncertain","high",4,"D","A",4,2.99615195261534
"748",0,54,"idmw75ic",7,17,2,1,"certain","low",1,"A","A",4,3.47621559549966
"749",0,55,"ivf2doqd",7,17,1,2,"uncertain","medium",3,"C","A",4,3.79096782930141
"750",0,56,"jeqw84cx",7,17,2,2,"certain","medium",2,"B","C",2,2.53990328803428
"751",0,57,"l8xsgk4y",7,17,3,2,"immutable","medium",3,"C","D",1,2.43218047351418
"752",0,58,"lhfy5twi",7,17,1,2,"uncertain","medium",4,"D","C",2,3.05014264200807
"753",0,59,"mnrpap0c",7,17,1,3,"uncertain","high",2,"B","D",1,1.66370570236834
"754",0,60,"n4clpko5",7,17,2,3,"certain","high",3,"C","B",3,2.81359390176906
"755",0,61,"n626q41f",7,17,2,3,"certain","high",2,"B","C",2,1.96806852939659
"756",0,62,"ndbdd100",7,17,1,1,"uncertain","low",2,"B","A",4,3.44227776788623
"758",0,64,"nxf17i6z",7,17,1,1,"uncertain","low",1,"A","A",4,3.91127974544511
"759",0,65,"o243mdon",7,17,1,1,"uncertain","low",4,"D","B",3,3.59861176040586
"760",0,66,"ocyioex1",7,17,3,1,"immutable","low",1,"A","D",1,1.41659632034129
"761",0,67,"oda4jepj",7,17,3,3,"immutable","high",4,"D","D",1,2.09649042469696
"762",0,68,"ow99iufl",7,17,3,1,"immutable","low",4,"D","D",1,2.82249721437863
"763",0,69,"ppxno0of",7,17,1,2,"uncertain","medium",1,"A","B",3,3.0115419673286
"764",0,70,"py0h20qw",7,17,2,1,"certain","low",1,"A","A",4,3.6519820551269
"765",0,71,"q0ixcbs0",7,17,3,2,"immutable","medium",2,"B","A",4,3.20612669365469
"766",0,72,"q5hucgk2",7,17,3,1,"immutable","low",1,"A","D",1,2.99147783563478
"767",0,73,"qiuco1z8",7,17,2,2,"certain","medium",2,"B","A",4,3.84320850894228
"768",0,74,"qnfkuupl",7,17,1,2,"uncertain","medium",1,"A","D",1,2.26566910747803
"769",0,75,"qwthoytg",7,17,3,3,"immutable","high",1,"A","D",1,2.32925783168617
"770",0,76,"r5ad600b",7,17,1,1,"uncertain","low",1,"A","A",4,3.91127974544511
"772",0,78,"si8w8t7h",7,17,1,3,"uncertain","high",3,"C","C",2,2.29853084491981
"774",0,80,"t40ex8ua",7,17,3,2,"immutable","medium",1,"A","A",4,3.48974655698226
"775",0,81,"tfpx5tvs",7,17,2,2,"certain","medium",4,"D","B",3,3.06897430928505
"776",0,82,"u2d1wrgq",7,17,1,3,"uncertain","high",2,"B","C",2,2.97765712473201
"777",0,83,"unprtc6z",7,17,1,3,"uncertain","high",2,"B","A",4,2.99615195261534
"778",0,84,"vbnb3hzv",7,17,1,3,"uncertain","high",3,"C","D",1,2.37069680261584
"779",0,85,"vlse4p02",7,17,3,2,"immutable","medium",3,"C","A",4,2.80252107228167
"780",0,86,"w1bsps02",7,17,1,2,"uncertain","medium",1,"A","A",4,3.79096782930141
"781",0,87,"weih2owe",7,17,3,3,"immutable","high",3,"C","B",3,2.74421872193713
"782",0,88,"wemgjdjq",7,17,2,1,"certain","low",4,"D","A",4,3.15768682009497
"783",0,89,"wh0jv34b",7,17,1,2,"uncertain","medium",3,"C","C",2,2.5642879987189
"784",0,90,"wtyosded",7,17,2,1,"certain","low",2,"B","A",4,3.65732857110093
"785",0,91,"wu1teumt",7,17,2,1,"certain","low",1,"A","B",3,3.08512347700489
"786",0,92,"wxqujgvr",7,17,3,3,"immutable","high",2,"B","D",1,1.63541504334798
"787",0,93,"x0fupy4p",7,17,1,2,"uncertain","medium",3,"C","C",2,3.46398759825388
"788",0,94,"x9h3pitq",7,17,1,1,"uncertain","low",1,"A","C",2,2.610021290342
"789",0,95,"xpxnrazz",7,17,1,3,"uncertain","high",2,"B","A",4,3.56971013949128
"790",0,96,"xw5qhps0",7,17,2,3,"certain","high",4,"D","C",2,2.09993324615146
"791",0,97,"xw741rz6",7,17,3,2,"immutable","medium",2,"B","C",2,1.78297970445961
"792",0,98,"y0jevsdo",7,17,2,3,"certain","high",1,"A","D",1,1.35708473070248
"793",0,0,"z8j7miqw",8,18,1,1,"uncertain","low",2,"B","A",4,3.51484111097631
"794",0,1,"0c49miaj",8,18,1,1,"uncertain","low",4,"D","D",1,2.70643856850807
"795",0,2,"0qmnf636",8,18,3,1,"immutable","low",4,"D","D",1,1.54118550077455
"796",0,3,"0we74a7t",8,18,3,3,"immutable","high",2,"B","A",4,2.60411625319547
"797",0,4,"135djle5",8,18,1,1,"uncertain","low",1,"A","A",4,3.73695260821493
"798",0,5,"18oszevx",8,18,3,2,"immutable","medium",2,"B","C",2,2.64436660883185
"799",0,6,"2edm2qru",8,18,2,1,"certain","low",1,"A","B",3,3.40313797801817
"800",0,7,"2niw69h1",8,18,2,3,"certain","high",3,"C","B",3,2.43449042671959
"801",0,8,"2t1qlwzh",8,18,1,2,"uncertain","medium",1,"A","A",4,3.05504632480692
"802",0,9,"2uly3ka7",8,18,2,3,"certain","high",2,"B","C",2,2.0286543718
"803",0,10,"3g345yfz",8,18,1,1,"uncertain","low",3,"C","A",4,3.73160609224091
"804",0,11,"40uikqmk",8,18,3,3,"immutable","high",3,"C","C",2,2.44797423653173
"805",0,12,"463bkcqj",8,18,3,3,"immutable","high",2,"B","D",1,1.43315853558622
"806",0,13,"4ogdjn19",8,18,2,1,"certain","low",1,"A","B",3,3.1562474976979
"807",0,14,"5beloz5h",8,18,3,1,"immutable","low",1,"A","A",4,3.39130938928912
"808",0,15,"5cedzvw4",8,18,2,3,"certain","high",3,"C","D",1,2.32200762119263
"809",0,16,"68l7v6qk",8,18,2,3,"certain","high",2,"B","B",3,2.52558716835046
"811",0,18,"6n71fmln",8,18,2,1,"certain","low",1,"A","A",4,3.48495503065923
"812",0,19,"6xxpguro",8,18,3,1,"immutable","low",1,"A","A",4,3.37866276055259
"813",0,20,"70hbcyls",8,18,1,1,"uncertain","low",2,"B","B",3,3.48810853110619
"814",0,21,"752958xd",8,18,1,3,"uncertain","high",4,"D","B",3,2.76627578163889
"815",0,22,"7dr3w97z",8,18,2,2,"certain","medium",1,"A","A",4,3.28101645484435
"816",0,23,"81qc8udv",8,18,2,1,"certain","low",1,"A","A",4,3.81561616040903
"817",0,24,"8e3c4zqd",8,18,3,1,"immutable","low",1,"A","A",4,3.37331624457857
"818",0,25,"96sj342h",8,18,2,1,"certain","low",1,"A","B",3,2.93074308127374
"819",0,26,"a4z4yzbe",8,18,1,1,"uncertain","low",1,"A","A",4,3.19148009398902
"820",0,27,"adiodid2",8,18,3,1,"immutable","low",1,"A","A",4,3.39665590526314
"821",0,28,"ao87l2vz",8,18,1,1,"uncertain","low",1,"A","A",4,3.82946269280404
"822",0,29,"b1x5rk7a",8,18,1,2,"uncertain","medium",2,"B","B",3,3.74241579926587
"823",0,30,"bp9jw69j",8,18,1,1,"uncertain","low",3,"C","B",3,3.18613357801499
"824",0,31,"bvmm52pt",8,18,1,1,"uncertain","low",1,"A","C",2,3.25725759870801
"825",0,32,"c448dmwi",8,18,3,2,"immutable","medium",1,"A","A",4,2.87900247284879
"826",0,33,"c5v2u12s",8,18,3,1,"immutable","low",1,"A","D",1,2.42266566072429
"827",0,34,"cph9cpzu",8,18,1,1,"uncertain","low",3,"C","A",4,3.01715295675884
"828",0,35,"cppwbnz4",8,18,1,2,"uncertain","medium",3,"C","A",4,3.13152772537404
"829",0,36,"cxqzt2x6",8,18,2,3,"certain","high",1,"A","C",2,2.33113245652399
"830",0,37,"cykm6g2s",8,18,3,2,"immutable","medium",4,"D","A",4,3.68650169511154
"831",0,38,"dvhlxebr",8,18,2,1,"certain","low",3,"C","C",2,2.25872778982609
"832",0,39,"e1teypau",8,18,2,1,"certain","low",1,"A","D",1,2.84357951265866
"833",0,40,"e1zughq1",8,18,3,2,"immutable","medium",4,"D","B",3,2.85121709207557
"834",0,41,"e78skor1",8,18,1,2,"uncertain","medium",2,"B","B",3,2.76609080940541
"835",0,42,"fc2ylfo4",8,18,3,2,"immutable","medium",3,"C","D",1,1.86998841941625
"836",0,43,"g3l64f2k",8,18,3,2,"immutable","medium",4,"D","B",3,2.92250683032711
"837",0,44,"g8mv6py3",8,18,1,3,"uncertain","high",2,"B","A",4,3.66237507773884
"838",0,45,"gan5shdm",8,18,2,3,"certain","high",3,"C","B",3,2.63517873786466
"840",0,47,"gtr5ips3",8,18,1,2,"uncertain","medium",1,"A","A",4,3.37178722098165
"842",0,49,"hh2ezh9j",8,18,2,1,"certain","low",1,"A","A",4,3.82096267638306
"843",0,50,"hhvlcx1h",8,18,2,1,"certain","low",4,"D","A",4,3.33931407008765
"844",0,51,"hiec0kvx",8,18,2,3,"certain","high",4,"D","D",1,1.26976630842895
"845",0,52,"hij0kj90",8,18,1,2,"uncertain","medium",2,"B","A",4,2.9401082393187
"846",0,53,"icw6pisv",8,18,1,2,"uncertain","medium",1,"A","B",3,3.16998441029515
"847",0,54,"idmw75ic",8,18,3,1,"immutable","low",3,"C","C",2,3.2135893328734
"848",0,55,"ivf2doqd",8,18,2,2,"certain","medium",2,"B","A",4,3.68995772829131
"849",0,56,"jeqw84cx",8,18,2,3,"certain","high",3,"C","C",2,2.36409863571271
"850",0,57,"l8xsgk4y",8,18,3,1,"immutable","low",1,"A","A",4,2.72803353300104
"851",0,58,"lhfy5twi",8,18,3,3,"immutable","high",3,"C","C",2,2.49452468368127
"852",0,59,"mnrpap0c",8,18,3,1,"immutable","low",2,"B","D",1,1.3294327517262
"853",0,60,"n4clpko5",8,18,1,2,"uncertain","medium",1,"A","A",4,3.28997016834059
"854",0,61,"n626q41f",8,18,3,3,"immutable","high",1,"A","C",2,2.09938166070972
"855",0,62,"ndbdd100",8,18,3,3,"immutable","high",4,"D","A",4,3.2052941032861
"856",0,63,"nhr2c03y",8,18,3,1,"immutable","low",1,"A","B",3,2.41536554796179
"857",0,64,"nxf17i6z",8,18,1,3,"uncertain","high",1,"A","B",3,2.94871442212124
"858",0,65,"o243mdon",8,18,2,2,"certain","medium",4,"D","A",4,3.67957440366015
"859",0,66,"ocyioex1",8,18,2,3,"certain","high",1,"A","C",2,1.48649416749609
"860",0,67,"oda4jepj",8,18,2,1,"certain","low",1,"A","A",4,3.22737151839092
"862",0,69,"ppxno0of",8,18,1,1,"uncertain","low",1,"A","A",4,3.01376003757329
"863",0,70,"py0h20qw",8,18,3,3,"immutable","high",1,"A","B",3,2.78787793307389
"864",0,71,"q0ixcbs0",8,18,2,1,"certain","low",2,"B","D",1,3.24341106631299
"865",0,72,"q5hucgk2",8,18,1,3,"uncertain","high",1,"A","A",4,3.25119250684522
"866",0,73,"qiuco1z8",8,18,2,1,"certain","low",4,"D","A",4,3.82096267638306
"867",0,74,"qnfkuupl",8,18,2,2,"certain","medium",1,"A","D",1,2.16465900646793
"868",0,75,"qwthoytg",8,18,3,2,"immutable","medium",1,"A","A",4,3.53844257677616
"869",0,76,"r5ad600b",8,18,3,3,"immutable","high",3,"C","C",2,2.68608815949497
"870",0,77,"s69k0r8p",8,18,2,1,"certain","low",1,"A","C",2,3.46552256355161
"871",0,78,"si8w8t7h",8,18,3,2,"immutable","medium",3,"C","D",1,3.00965953504212
"872",0,79,"t2rw6z9s",8,18,2,2,"certain","medium",2,"B","C",2,2.34329213966336
"873",0,80,"t40ex8ua",8,18,1,2,"uncertain","medium",2,"B","A",4,3.74227180950751
"874",0,81,"tfpx5tvs",8,18,2,1,"certain","low",3,"C","B",3,3.08512347700489
"875",0,82,"u2d1wrgq",8,18,1,1,"uncertain","low",2,"B","B",3,2.62071432229004
"876",0,83,"unprtc6z",8,18,1,1,"uncertain","low",1,"A","A",4,3.18613357801499
"878",0,85,"vlse4p02",8,18,2,2,"certain","medium",3,"C","D",1,2.95403622379682
"880",0,87,"weih2owe",8,18,2,3,"certain","high",3,"C","B",3,2.612905590624
"881",0,88,"wemgjdjq",8,18,1,3,"uncertain","high",4,"D","B",3,2.71349173517076
"882",0,89,"wh0jv34b",8,18,3,1,"immutable","low",1,"A","D",1,2.07791857984089
"883",0,90,"wtyosded",8,18,3,3,"immutable","high",1,"A","B",3,2.96629309697829
"884",0,91,"wu1teumt",8,18,2,2,"certain","medium",2,"B","B",3,3.06897430928505
"885",0,92,"wxqujgvr",8,18,2,3,"certain","high",4,"D","D",1,1.50410191203485
"887",0,94,"x9h3pitq",8,18,3,2,"immutable","medium",3,"C","D",1,1.97987883234726
"889",0,96,"xw5qhps0",8,18,1,3,"uncertain","high",4,"D","C",2,2.49387264009085
"890",0,97,"xw741rz6",8,18,2,2,"certain","medium",4,"D","C",2,1.93449485597476
"891",0,98,"y0jevsdo",8,18,1,3,"uncertain","high",1,"A","D",1,1.75102412464187
"892",0,0,"z8j7miqw",9,19,2,2,"certain","medium",2,"B","C",2,3.27092110972992
"893",0,1,"0c49miaj",9,19,1,3,"uncertain","high",1,"A","B",3,3.15852756859767
"894",0,2,"0qmnf636",9,19,1,2,"uncertain","medium",1,"A","D",1,2.14005971784192
"895",0,3,"0we74a7t",9,19,3,2,"immutable","medium",2,"B","A",4,3.20627068341305
"896",0,4,"135djle5",9,19,2,1,"certain","low",1,"A","A",4,3.63594250720483
"897",0,5,"18oszevx",9,19,1,3,"uncertain","high",2,"B","D",1,2.04349029068993
"898",0,6,"2edm2qru",9,19,3,3,"immutable","high",2,"B","C",2,2.56580355803273
"899",0,7,"2niw69h1",9,19,2,1,"certain","low",1,"A","A",4,3.40313797801816
"900",0,8,"2t1qlwzh",9,19,3,2,"immutable","medium",2,"B","D",1,2.80252107228167
"901",0,9,"2uly3ka7",9,19,2,2,"certain","medium",2,"B","A",4,2.79054610827305
"902",0,10,"3g345yfz",9,19,3,3,"immutable","high",4,"D","B",3,2.07421727745629
"903",0,11,"40uikqmk",9,19,1,1,"uncertain","low",3,"C","D",1,3.17739414285542
"904",0,12,"463bkcqj",9,19,3,2,"immutable","medium",1,"A","D",1,1.70664229365085
"905",0,13,"4ogdjn19",9,19,1,3,"uncertain","high",2,"B","B",3,2.67763431996928
"906",0,14,"5beloz5h",9,19,1,2,"uncertain","medium",1,"A","A",4,3.82408886214857
"907",0,15,"5cedzvw4",9,19,3,1,"immutable","low",2,"B","D",1,2.97543828771271
"908",0,16,"68l7v6qk",9,19,1,1,"uncertain","low",2,"B","B",3,3.02249947273286
"909",0,17,"6lcvfmi6",9,19,3,2,"immutable","medium",2,"B","A",4,3.57156360962332
"910",0,18,"6n71fmln",9,19,3,1,"immutable","low",1,"A","B",3,3.22232876803297
"911",0,19,"6xxpguro",9,19,1,3,"uncertain","high",4,"D","B",3,2.69367386789135
"912",0,20,"70hbcyls",9,19,2,2,"certain","medium",2,"B","D",1,3.07935763391621
"914",0,22,"7dr3w97z",9,19,3,1,"immutable","low",1,"A","D",1,2.97009177173868
"916",0,24,"8e3c4zqd",9,19,3,3,"immutable","high",1,"A","D",1,2.25263244136069
"917",0,25,"96sj342h",9,19,2,3,"certain","high",4,"D","B",3,2.84656008095778
"918",0,26,"a4z4yzbe",9,19,2,2,"certain","medium",1,"A","A",4,3.10728700444779
"919",0,27,"adiodid2",9,19,2,2,"certain","medium",1,"A","A",4,3.76139145630121
"920",0,28,"ao87l2vz",9,19,2,3,"certain","high",4,"D","C",2,2.5164623330191
"921",0,29,"b1x5rk7a",9,19,3,2,"immutable","medium",1,"A","A",4,3.48989054674062
"922",0,30,"bp9jw69j",9,19,2,3,"certain","high",2,"B","B",3,2.60221255867595
"923",0,31,"bvmm52pt",9,19,3,2,"immutable","medium",1,"A","B",3,3.00432388296818
"925",0,33,"c5v2u12s",9,19,3,2,"immutable","medium",2,"B","B",3,2.62864763212674
"926",0,34,"cph9cpzu",9,19,2,3,"certain","high",1,"A","C",2,2.34717200444606
"927",0,35,"cppwbnz4",9,19,1,1,"uncertain","low",2,"B","C",2,2.93924309769473
"928",0,36,"cxqzt2x6",9,19,2,1,"certain","low",1,"A","B",3,2.43110133026779
"929",0,37,"cykm6g2s",9,19,2,1,"certain","low",1,"A","A",4,3.66997519983746
"932",0,40,"e1zughq1",9,19,2,1,"certain","low",1,"A","A",4,3.37640539814804
"934",0,42,"fc2ylfo4",9,19,2,1,"certain","low",1,"A","B",3,2.40241515360919
"936",0,44,"g8mv6py3",9,19,2,1,"certain","low",2,"B","A",4,3.8316557083311
"937",0,45,"gan5shdm",9,19,1,2,"uncertain","medium",2,"B","B",3,3.25165747317785
"938",0,46,"gqmt5kn4",9,19,2,2,"certain","medium",1,"A","A",4,3.60294901333467
"939",0,47,"gtr5ips3",9,19,3,1,"immutable","low",2,"B","C",2,2.90966078299372
"940",0,48,"h7fs85rd",9,19,1,2,"uncertain","medium",1,"A","B",3,3.04985466249134
"941",0,49,"hh2ezh9j",9,19,3,2,"immutable","medium",2,"B","A",4,3.69169335742713
"943",0,51,"hiec0kvx",9,19,1,2,"uncertain","medium",2,"B","D",1,1.46826523032972
"944",0,52,"hij0kj90",9,19,3,2,"immutable","medium",2,"B","A",4,2.68758298679345
"945",0,53,"icw6pisv",9,19,3,2,"immutable","medium",4,"D","B",3,2.91745915776989
"947",0,55,"ivf2doqd",9,19,1,3,"uncertain","high",4,"D","D",1,2.59188409431243
"948",0,56,"jeqw84cx",9,19,1,1,"uncertain","low",1,"A","D",1,2.4522479754253
"950",0,58,"lhfy5twi",9,19,3,1,"immutable","low",4,"D","A",4,3.13855811860342
"951",0,59,"mnrpap0c",9,19,2,2,"certain","medium",1,"A","D",1,1.36725512931962
"952",0,60,"n4clpko5",9,19,2,2,"certain","medium",1,"A","B",3,3.18896006733049
"953",0,61,"n626q41f",9,19,2,1,"certain","low",2,"B","A",4,3.30867429664057
"954",0,62,"ndbdd100",9,19,3,2,"immutable","medium",3,"C","A",4,3.48455489466667
"955",0,63,"nhr2c03y",9,19,2,2,"certain","medium",2,"B","D",1,2.49668691007268
"956",0,64,"nxf17i6z",9,19,2,1,"certain","low",2,"B","A",4,3.81026964443501
"957",0,65,"o243mdon",9,19,2,1,"certain","low",4,"D","B",3,3.49760165939576
"958",0,66,"ocyioex1",9,19,2,2,"certain","medium",2,"B","C",2,1.56905794000612
"959",0,67,"oda4jepj",9,19,3,1,"immutable","low",4,"D","A",4,2.96474525576466
"960",0,68,"ow99iufl",9,19,3,2,"immutable","medium",1,"A","D",1,2.91745915776989
"961",0,69,"ppxno0of",9,19,2,2,"certain","medium",2,"B","B",3,2.9105318663185
"962",0,70,"py0h20qw",9,19,2,3,"certain","high",2,"B","B",3,2.65656480176076
"963",0,71,"q0ixcbs0",9,19,3,3,"immutable","high",2,"B","B",3,2.63173591641016
"964",0,72,"q5hucgk2",9,19,2,1,"certain","low",2,"B","A",4,3.25410409826104
"965",0,73,"qiuco1z8",9,19,3,1,"immutable","low",4,"D","A",4,3.55833641375679
"966",0,74,"qnfkuupl",9,19,3,1,"immutable","low",3,"C","A",4,2.34228793048029
"967",0,75,"qwthoytg",9,19,2,3,"certain","high",3,"C","D",1,2.19794470037304
"968",0,76,"r5ad600b",9,19,1,3,"uncertain","high",4,"D","A",4,2.94871442212124
"969",0,77,"s69k0r8p",9,19,3,1,"immutable","low",1,"A","A",4,3.20289630092535
"970",0,78,"si8w8t7h",9,19,2,1,"certain","low",3,"C","A",4,3.54877893858974
"971",0,79,"t2rw6z9s",9,19,3,3,"immutable","high",2,"B","D",1,1.92720009612392
"972",0,80,"t40ex8ua",9,19,3,3,"immutable","high",2,"B","B",3,2.85381029145133
"974",0,82,"u2d1wrgq",9,19,3,1,"immutable","low",1,"A","C",2,2.25707795865368
"975",0,83,"unprtc6z",9,19,3,3,"immutable","high",3,"C","A",4,2.73352568998908
"976",0,84,"vbnb3hzv",9,19,1,1,"uncertain","low",2,"B","C",2,2.60179612957384
"977",0,85,"vlse4p02",9,19,3,3,"immutable","high",1,"A","C",2,2.19828019827587
"978",0,86,"w1bsps02",9,19,3,3,"immutable","high",2,"B","D",1,2.32925783168617
"979",0,87,"weih2owe",9,19,3,1,"immutable","low",1,"A","A",4,3.14585823136593
"980",0,88,"wemgjdjq",9,19,1,1,"uncertain","low",4,"D","B",3,3.25869692110507
"982",0,90,"wtyosded",9,19,3,2,"immutable","medium",2,"B","B",3,3.36471312637959
"983",0,91,"wu1teumt",9,19,1,3,"uncertain","high",4,"D","B",3,2.99615195261534
"984",0,92,"wxqujgvr",9,19,2,2,"certain","medium",3,"C","B",3,2.83924212806696
"985",0,93,"x0fupy4p",9,19,3,1,"immutable","low",1,"A","A",4,3.37331624457857
"986",0,94,"x9h3pitq",9,19,3,1,"immutable","low",1,"A","A",4,2.24638492670563
"987",0,95,"xpxnrazz",9,19,1,1,"uncertain","low",1,"A","D",1,3.28399017857813
"989",0,97,"xw741rz6",9,19,2,3,"certain","high",4,"D","C",2,1.71391505851128
"990",0,98,"y0jevsdo",9,19,3,1,"immutable","low",2,"B","D",1,1.81642787399563
